Timestamp,Zone,AccX,AccY,AccZ,GyroX,GyroY,GyroZ,RotX,RotY,RotZ,MagX,MagY,MagZ
2025-11-24 09:33:49.765,0,-2.69,3.08,9.39,-0.29,-0.03,-0.04,-0.05,0.2,0.88,21.09,-20.61,-26.12
2025-11-24 09:48:15.645,0,-0.79,4.79,8.23,-0.29,0.02,-0.18,0.14,0.2,0.63,31.48,-16.61,-35.4
2025-11-24 09:15:15.479,3,-1.65,6.96,8.18,-0.0,-0.75,-0.43,0.31,0.09,0.04,10.18,3.75,-46.86
2025-11-24 09:29:07.657,3,-4.21,4.43,7.55,-0.17,-0.14,0.1,-0.04,0.31,0.79,30.24,-22.43,-19.59
2025-11-24 09:30:17.717,6,-0.54,4.69,9.51,-0.05,0.04,0.01,0.08,0.25,0.83,21.96,-25.86,-25.84
2025-11-24 09:15:26.675,0,-0.3,2.77,9.01,0.25,-0.24,0.3,0.14,-0.0,-0.19,-6.09,13.82,-42.53
2025-11-24 09:18:13.846,9,-1.91,3.44,8.6,-1.12,-0.95,-0.07,0.2,0.01,-0.48,-2.08,-2.19,-51.32
2025-11-24 09:23:43.964,5,-7.33,3.97,6.91,-0.03,0.05,-0.13,0.16,0.38,0.17,35.21,-3.19,-25.2
2025-11-24 09:23:43.072,8,-5.16,2.38,8.28,-0.66,-0.38,-0.46,0.08,0.32,0.17,30.99,2.57,-27.68
2025-11-23 22:48:35.476,6,1.13,7.2,6.2,-0.03,0.03,-0.0,0.37,0.18,0.52,5.25,-23.38,-25.35
2025-11-24 09:34:41.703,3,-4.45,6.82,7.78,-0.0,-0.06,0.02,-0.09,0.44,0.83,22.95,-29.34,-10.99
2025-11-24 09:30:28.767,8,-3.41,2.95,8.74,-0.13,-0.16,0.08,-0.05,0.23,0.82,28.14,-19.28,-24.84
2025-11-24 09:34:10.047,2,-5.42,6.55,6.16,0.03,-0.19,0.07,-0.11,0.47,0.8,26.76,-27.15,-7.11
2025-11-24 09:35:00.003,9,-3.21,4.78,7.63,0.1,0.03,0.02,-0.07,0.3,0.87,20.53,-24.84,-18.21
2025-11-24 09:38:52.443,5,-4.49,4.26,7.44,-0.28,-0.26,0.03,-0.18,0.3,0.83,30.17,-19.86,-16.97
2025-11-24 09:34:36.404,0,-3.82,4.25,8.92,-0.38,-0.07,0.1,-0.09,0.29,0.89,22.14,-24.32,-20.89
2025-11-24 09:30:01.639,4,-0.23,7.72,7.35,-0.3,0.26,0.06,0.19,0.35,0.78,19.56,-29.87,-17.76
2025-11-24 09:28:48.660,2,-5.22,4.06,7.38,-0.11,-0.29,-0.65,-0.14,0.31,0.79,34.41,-19.2,-16.5
2025-11-24 09:47:45.800,1,-3.61,6.52,7.59,-0.34,-0.5,-0.06,0.07,0.36,0.69,40.35,-20.23,-23.33
2025-11-24 09:34:11.493,8,-2.55,5.01,8.47,-0.58,-0.42,0.04,-0.05,0.29,0.88,18.69,-26.72,-20.36
2025-11-23 22:48:31.695,5,1.13,7.58,5.85,-0.26,0.17,-0.02,0.38,0.2,0.54,7.03,-21.84,-24.64
2025-11-24 09:29:00.894,9,-3.4,2.01,9.09,-0.07,0.08,-0.04,-0.09,0.21,0.79,31.33,-13.58,-27.39
2025-11-23 22:45:09.520,4,1.62,7.3,6.85,-0.01,-0.01,-0.01,0.35,0.21,0.6,6.81,-21.11,-25.65
2025-11-24 09:23:28.067,6,6.46,4.53,7.02,0.48,-0.5,0.38,0.04,-0.45,-0.43,-33.71,-12.75,-8.66
2025-11-24 09:47:25.329,3,-1.51,5.65,9.62,0.26,0.38,-0.3,0.12,0.28,0.67,36.28,-18.34,-29.72
2025-11-23 22:48:32.653,8,1.35,7.06,6.53,-0.04,0.11,-0.02,0.37,0.17,0.52,6.36,-21.53,-25.67
2025-11-24 09:33:19.979,9,-0.52,2.99,9.95,0.27,-0.03,0.07,0.05,0.18,0.9,14.46,-22.29,-25.07
2025-11-24 09:38:31.796,8,-4.7,2.91,8.61,-0.55,-0.1,-0.47,-0.12,0.22,0.84,26.21,-17.78,-23.53
2025-11-24 09:48:01.035,7,-2.71,5.69,7.24,-0.05,-0.12,-0.11,0.08,0.31,0.67,38.98,-17.04,-27.6
2025-11-24 09:34:32.779,7,-4.13,6.22,6.38,-0.16,-0.32,-0.1,-0.12,0.4,0.87,21.26,-28.16,-13.76
2025-11-24 09:23:48.337,9,-6.85,1.86,7.38,0.23,-0.04,0.2,0.22,0.33,-0.21,25.16,7.28,-30.96
2025-11-24 09:47:55.285,5,-3.01,4.3,9.25,0.17,0.09,0.12,0.07,0.29,0.64,40.31,-14.03,-29.38
2025-11-24 09:23:36.649,2,-7.37,4.93,5.23,0.62,0.06,-0.27,0.45,-0.22,-0.85,31.31,-26.83,-17.21
2025-11-24 09:30:14.356,5,-1.13,5.85,8.61,0.31,-0.16,0.05,0.15,0.29,0.83,18.86,-30.86,-20.89
2025-11-24 09:38:51.006,5,-5.09,3.65,8.67,-0.49,-0.5,-0.35,-0.18,0.28,0.85,29.23,-17.85,-18.54
2025-11-24 09:23:58.358,6,-5.13,5.01,6.2,0.85,-0.84,-0.95,0.4,0.02,-0.51,14.4,-22.99,-30.96
2025-11-24 09:29:45.851,7,-3.15,4.71,8.37,-0.39,-0.35,-0.23,-0.07,0.29,0.86,32.14,-20.57,-21.21
2025-11-24 09:37:35.527,8,-4.88,4.26,6.42,-0.05,-0.28,-0.12,-0.17,0.29,0.85,29.89,-20.42,-17.66
2025-11-24 09:21:55.944,2,-2.97,9.46,3.83,-0.89,-0.14,-0.0,0.33,0.46,0.56,25.95,-31.28,-5.49
2025-11-24 09:38:58.662,0,-4.56,3.52,7.86,0.36,-0.37,-0.15,-0.15,0.26,0.83,30.06,-17.49,-18.24
2025-11-24 09:30:27.237,8,-3.24,2.39,9.89,0.3,0.22,-0.03,-0.05,0.21,0.83,27.32,-18.04,-25.73
2025-11-24 09:29:00.631,6,-4.12,2.49,8.31,-0.12,-0.07,0.02,-0.1,0.24,0.78,33.64,-14.48,-25.71
2025-11-24 09:38:48.829,7,-5.88,4.2,5.99,-0.45,-0.37,-0.26,-0.17,0.34,0.83,29.68,-20.93,-15.62
2025-11-24 09:35:22.310,3,-5.6,6.03,5.33,0.08,-0.29,-0.2,-0.19,0.43,0.83,26.76,-26.85,-9.92
2025-11-24 09:48:17.608,1,-2.12,7.54,7.08,-0.04,-0.53,-0.21,0.13,0.33,0.7,35.48,-23.01,-27.06
2025-11-24 09:48:14.740,4,-2.86,5.62,6.46,-0.26,-0.26,-0.28,0.14,0.29,0.68,36.0,-19.84,-28.05
2025-11-24 09:33:44.813,0,-2.69,2.77,8.79,0.07,-0.03,0.07,-0.05,0.21,0.88,20.78,-21.94,-24.66
2025-11-24 09:47:44.470,8,-2.02,3.79,8.68,-0.27,-0.26,-0.08,0.09,0.2,0.66,35.87,-13.82,-34.69
2025-11-24 09:34:36.207,0,-3.59,4.67,8.1,-0.0,-0.2,-0.09,-0.09,0.29,0.89,21.11,-24.24,-21.36
2025-11-24 09:39:00.832,0,-4.83,2.6,8.18,-0.09,0.03,-0.08,-0.13,0.26,0.82,30.11,-17.66,-20.46
2025-11-24 09:29:55.980,7,-3.7,6.38,7.71,-0.14,-0.09,-0.05,0.0,0.44,0.77,29.79,-28.74,-13.52
2025-11-24 09:30:04.317,2,-0.01,7.61,7.54,0.12,-0.08,-0.2,0.2,0.38,0.8,17.51,-34.01,-15.3
2025-11-24 09:15:17.567,1,-0.72,6.57,9.88,-0.35,0.81,0.24,0.36,0.1,0.06,2.87,-6.3,-46.05
2025-11-24 09:21:49.046,6,-3.21,4.38,7.74,-1.12,-0.27,-0.6,0.3,0.08,-0.17,8.04,-9.84,-35.27
2025-11-24 09:18:23.809,0,0.72,7.98,-4.41,0.62,-0.11,0.04,0.4,0.75,0.47,13.01,-23.93,19.35
2025-11-24 09:35:42.796,8,-3.73,5.03,8.18,0.11,0.13,-0.04,-0.07,0.35,0.86,22.65,-26.91,-17.33
2025-11-24 09:36:07.002,5,-2.32,4.39,9.57,-0.35,-0.4,0.02,-0.06,0.26,0.9,21.0,-21.88,-23.23
2025-11-24 09:21:44.255,8,-1.83,5.77,8.58,0.11,0.04,0.2,0.27,-0.1,-0.56,-11.83,-10.13,-36.68
2025-11-24 09:15:19.736,5,-2.12,4.69,7.79,-0.03,-0.12,0.27,0.31,0.05,0.04,5.76,1.91,-46.91
2025-11-24 09:15:17.935,4,-0.79,6.75,8.61,0.05,0.1,-0.2,0.32,0.06,0.02,7.44,2.48,-46.71
2025-11-24 09:38:21.468,9,-1.77,2.23,9.75,-0.48,-0.04,-0.11,-0.04,0.15,0.86,19.63,-18.54,-27.71
2025-11-24 10:10:29.742,8,-3.2,3.06,8.68,0.34,-0.77,-0.01,0.16,0.19,0.04,19.65,0.98,-43.41
2025-11-24 09:22:42.696,0,-0.11,9.14,3.91,0.42,-0.2,0.15,0.55,-0.18,-0.24,-2.94,-29.48,-25.28
2025-11-24 09:36:51.714,7,-5.95,4.84,7.17,0.08,0.49,-0.28,-0.14,0.37,0.87,24.3,-26.34,-14.72
2025-11-24 09:16:02.452,3,-0.28,9.1,3.47,0.42,-0.18,-0.21,0.58,0.01,0.02,6.6,-20.16,-40.97
2025-11-24 09:15:54.990,3,0.65,5.09,11.86,0.34,0.13,0.14,0.24,0.02,-0.13,0.56,7.78,-46.67
2025-11-24 09:15:12.805,0,-2.05,4.12,9.53,-0.28,-0.22,-0.39,0.24,0.04,-0.17,-0.9,8.23,-47.23
2025-11-24 09:24:03.207,1,-2.08,5.56,5.98,0.38,0.69,-1.25,0.23,-0.22,-0.94,21.62,-25.74,-21.88
2025-11-24 09:37:02.484,5,-5.5,5.81,8.52,1.13,0.73,0.26,-0.16,0.44,0.83,22.37,-31.54,-7.54
2025-11-24 09:21:47.364,9,-1.75,3.86,7.56,-0.02,-0.49,-0.26,0.25,0.09,-0.1,10.01,-5.23,-39.08
2025-11-23 22:48:36.160,5,1.35,7.21,6.33,-0.11,0.07,0.06,0.39,0.17,0.52,6.6,-20.66,-25.84
2025-11-23 22:48:27.271,9,1.12,7.25,6.63,-0.35,0.04,0.02,0.36,0.21,0.59,6.09,-23.04,-26.1
2025-11-24 09:22:42.488,9,0.6,8.86,4.75,0.45,-0.33,-0.11,0.54,-0.17,-0.24,-3.86,-30.17,-24.15
2025-11-24 09:33:50.412,5,-3.72,4.87,8.45,-0.05,-0.24,-0.01,-0.05,0.31,0.87,19.69,-27.3,-19.91
2025-11-24 09:30:14.951,3,-3.02,5.12,7.64,-0.45,0.89,-0.44,0.08,0.3,0.82,24.23,-26.89,-21.41
2025-11-23 22:46:43.872,7,2.1,7.67,6.24,0.05,0.2,0.0,0.42,0.17,0.53,0.92,-25.18,-22.99
2025-11-24 09:15:20.502,5,-1.11,5.95,7.86,-0.21,0.21,-0.25,0.3,0.06,0.05,6.43,3.34,-48.3
2025-11-24 09:37:48.790,8,-3.02,4.38,6.78,-0.46,-0.31,-0.33,0.02,0.26,0.86,19.61,-24.28,-22.86
2025-11-24 09:36:07.493,3,-3.07,3.31,12.08,-0.62,-0.76,0.09,-0.08,0.22,0.9,19.73,-23.31,-24.6
2025-11-24 09:47:45.110,5,-2.21,4.28,8.67,0.28,-0.01,0.19,0.08,0.27,0.66,39.23,-14.29,-30.84
2025-11-24 09:36:58.937,6,-5.6,5.28,7.87,0.48,0.16,0.06,-0.16,0.4,0.83,27.64,-26.51,-13.84
2025-11-24 09:33:05.219,6,0.76,4.87,8.5,-0.03,-0.01,-0.09,0.13,0.22,0.88,12.96,-24.38,-21.17
2025-11-24 09:29:03.701,8,-4.27,2.43,8.12,0.15,-0.25,-0.03,-0.08,0.22,0.8,32.12,-14.66,-25.2
2025-11-24 09:38:58.943,8,-4.3,3.2,7.52,0.17,-0.8,-0.28,-0.15,0.27,0.83,28.67,-19.74,-19.73
2025-11-24 09:23:56.899,5,3.39,4.02,7.99,-0.03,0.61,-0.76,0.2,-0.12,0.08,-2.31,0.41,-33.77
2025-11-24 09:32:53.462,0,-1.16,3.07,8.77,-0.44,1.47,-0.02,0.01,0.18,0.88,18.9,-20.61,-24.21
2025-11-24 09:32:57.533,8,-1.55,3.92,9.02,0.53,-0.53,0.57,0.02,0.21,0.89,17.36,-22.09,-25.01
2025-11-24 09:34:12.804,4,-3.44,7.23,6.75,-1.34,0.48,-0.11,-0.07,0.43,0.84,21.6,-29.66,-11.31
2025-11-24 09:34:44.408,1,-4.08,8.03,4.02,-0.06,-0.14,-0.14,-0.08,0.53,0.79,21.77,-29.72,-3.66
2025-11-24 09:18:25.757,3,1.25,6.42,-5.79,-0.11,-0.16,-0.11,0.53,0.76,0.35,6.3,-18.68,26.87
2025-11-24 09:36:12.175,9,-2.54,2.92,9.08,0.61,-0.46,-0.14,-0.07,0.18,0.91,19.86,-19.93,-26.98
2025-11-24 09:50:13.242,4,-2.06,7.99,6.78,-0.2,-0.14,0.22,0.04,0.46,0.82,21.09,-32.68,-18.15
2025-11-24 09:30:17.938,5,-1.24,5.85,7.62,0.52,-0.98,0.3,0.11,0.27,0.83,19.93,-28.41,-24.86
2025-11-24 09:38:06.307,7,-3.48,5.11,8.55,-0.72,-0.1,-0.38,-0.06,0.29,0.86,21.26,-24.51,-19.28
2025-11-24 09:34:02.475,8,-4.93,5.39,7.13,-0.36,-0.41,-0.06,-0.12,0.36,0.85,24.94,-27.15,-14.16
2025-11-24 09:15:36.607,8,-3.6,1.88,8.99,0.1,-0.49,0.09,0.17,0.09,-0.25,-3.56,11.01,-45.26
2025-11-24 09:30:16.747,8,-1.96,3.24,8.66,-0.25,0.04,-0.13,0.01,0.19,0.84,21.86,-19.63,-27.98
2025-11-24 09:15:54.480,8,-0.53,4.52,9.07,0.27,0.06,0.21,0.23,0.02,-0.17,-1.14,7.39,-47.06
2025-11-23 22:52:57.859,5,-0.33,6.43,7.25,0.01,-0.01,0.03,0.31,0.19,0.5,8.31,-20.27,-24.83
2025-11-24 09:28:35.856,2,-2.98,5.43,7.91,-0.38,0.19,-0.38,0.08,0.27,0.8,21.9,-27.3,-22.91
2025-11-24 09:38:01.228,3,-4.12,3.77,7.63,-0.1,-0.56,-0.27,-0.08,0.26,0.85,25.29,-20.72,-23.19
2025-11-24 09:30:08.052,4,4.0,6.68,6.44,-0.13,0.18,0.07,0.35,0.21,0.78,6.34,-33.13,-20.64
2025-11-24 09:15:27.966,1,-3.51,5.78,8.12,0.14,-0.38,-0.42,0.25,0.17,-0.1,11.04,9.11,-44.23
2025-11-24 09:29:51.267,8,-5.16,5.07,6.13,-0.23,0.02,-0.19,-0.07,0.39,0.8,31.58,-25.46,-14.63
2025-11-24 09:15:16.171,7,0.89,4.16,9.33,-0.21,0.08,-0.06,0.24,-0.03,-0.02,-0.96,8.55,-47.03
2025-11-24 09:34:21.532,8,-2.04,5.44,7.07,0.33,-0.17,-0.28,0.0,0.32,0.88,18.88,-25.56,-19.86
2025-11-24 09:33:52.147,7,-3.85,4.9,6.76,0.09,-0.2,-0.02,-0.06,0.33,0.86,23.96,-25.48,-18.38
2025-11-24 09:28:50.548,5,-3.38,5.07,7.85,0.42,-0.39,0.63,-0.01,0.29,0.8,29.7,-22.09,-20.31
2025-11-24 09:38:48.591,5,-5.99,3.78,8.69,0.26,-0.07,-0.09,-0.18,0.34,0.83,28.44,-24.26,-15.86
2025-11-24 09:34:56.583,2,-5.69,7.5,4.52,0.22,0.05,0.1,-0.13,0.52,0.79,23.08,-32.31,-4.11
2025-11-24 09:34:35.348,9,-3.64,3.9,8.15,-0.08,-0.11,-0.06,-0.09,0.28,0.89,20.57,-26.31,-21.58
2025-11-24 09:23:09.248,0,2.26,-8.16,6.21,-0.37,0.46,-0.63,-0.43,0.22,-0.55,-27.49,16.91,-20.14
2025-11-24 09:47:50.742,1,-3.62,6.61,6.9,-0.28,-0.65,-0.15,0.06,0.37,0.67,41.03,-19.09,-21.77
2025-11-24 09:34:54.847,7,-3.86,6.96,6.2,-0.29,-0.34,-0.18,-0.09,0.43,0.85,19.59,-30.62,-11.94
2025-11-24 09:48:23.163,3,-4.08,4.8,9.61,0.06,-0.41,0.01,0.05,0.31,0.65,40.58,-17.48,-27.17
2025-11-24 09:29:09.120,9,-4.47,1.49,8.57,-0.14,0.0,-0.01,-0.14,0.19,0.79,29.72,-13.14,-26.16
2025-11-24 09:34:22.637,2,-5.47,6.63,5.23,-0.28,-0.19,-0.07,-0.13,0.49,0.8,24.69,-29.4,-6.98
2025-11-24 09:35:12.876,1,-4.48,8.61,1.56,0.36,-0.84,-0.4,-0.19,0.5,0.82,20.33,-31.82,-4.44
2025-11-24 09:38:17.980,5,-4.45,3.35,8.21,0.0,0.01,-0.25,-0.09,0.28,0.86,25.63,-21.58,-19.82
2025-11-24 09:28:16.673,5,2.72,6.37,5.37,0.49,-0.69,0.72,0.34,0.26,0.83,5.55,-33.94,-19.46
2025-11-24 09:29:54.415,4,0.89,6.45,5.45,0.25,0.02,-0.1,0.24,0.25,0.77,16.48,-28.71,-22.16
2025-11-24 09:33:31.779,9,-1.47,2.98,8.8,-0.14,-0.19,-0.14,-0.02,0.18,0.92,17.48,-20.33,-26.66
2025-11-24 09:48:24.507,6,-2.6,3.18,9.54,0.15,-0.36,0.02,0.06,0.23,0.63,38.96,-10.86,-34.11
2025-11-24 09:30:18.508,3,-3.25,5.36,8.36,-0.45,0.2,-0.46,-0.01,0.31,0.81,28.43,-23.66,-21.02
2025-11-24 09:22:43.079,5,0.8,9.25,5.47,-0.68,0.59,-0.08,0.58,-0.2,-0.22,-7.84,-34.28,-21.51
2025-11-24 09:30:09.593,7,2.22,5.03,9.78,-0.23,-0.04,-0.24,0.21,0.2,0.82,14.48,-26.96,-26.85
2025-11-24 09:34:46.816,7,-3.32,6.89,6.37,0.11,-0.04,-0.18,-0.04,0.41,0.85,19.26,-30.71,-13.09
2025-11-24 09:33:57.957,8,-3.08,3.95,9.25,0.3,0.17,0.33,-0.09,0.29,0.88,22.74,-24.19,-20.29
2025-11-24 09:37:26.373,1,-6.52,5.88,6.13,-0.74,-0.48,-0.25,-0.2,0.41,0.81,28.76,-25.26,-8.68
2025-11-23 22:48:49.540,1,1.66,6.23,8.64,-0.09,0.4,-0.1,0.31,0.14,0.47,6.77,-16.95,-26.78
2025-11-24 09:15:30.507,2,-2.72,5.13,8.86,0.2,-0.58,-0.79,0.26,0.14,-0.14,6.02,5.68,-46.76
2025-11-24 09:21:47.830,5,-2.32,7.13,7.5,-0.03,-0.3,-0.16,0.34,0.04,-0.14,7.37,-12.73,-36.21
2025-11-23 22:52:58.136,1,1.97,6.6,7.5,-0.06,0.38,-0.06,0.32,0.15,0.53,6.79,-16.29,-26.48
2025-11-24 09:47:55.744,1,-5.54,6.02,5.42,-0.18,-0.62,-0.27,-0.0,0.41,0.65,45.3,-15.83,-18.94
2025-11-24 09:38:17.155,0,-1.86,3.07,8.79,-0.01,-0.27,-0.15,-0.02,0.17,0.85,22.73,-17.18,-27.0
2025-11-24 09:29:56.091,6,-4.68,6.27,5.78,-0.63,-0.33,-0.13,-0.01,0.42,0.78,31.56,-25.46,-14.18
2025-11-24 09:23:50.536,4,0.48,4.05,9.62,0.52,-0.65,0.12,0.17,0.0,-0.15,0.26,1.44,-38.14
2025-11-24 09:37:13.143,1,-4.53,8.92,2.74,-0.26,-0.62,0.58,-0.29,0.52,0.79,23.01,-29.44,-3.98
2025-11-24 09:21:49.480,7,-1.7,5.63,9.91,-1.03,-1.27,-0.36,0.23,0.01,-0.29,0.92,-5.89,-38.42
2025-11-24 09:15:35.563,4,-3.35,4.14,8.56,0.01,0.61,-0.07,0.27,0.14,-0.16,5.16,6.13,-45.02
2025-11-24 09:28:47.631,0,-3.68,1.04,9.46,0.38,0.09,0.19,-0.1,0.17,0.83,30.26,-12.69,-25.82
2025-11-24 09:29:51.546,0,-3.25,4.7,9.33,0.07,0.1,-0.0,-0.02,0.33,0.81,27.6,-25.78,-19.35
2025-11-24 09:34:07.426,4,-5.26,6.25,5.81,-0.17,-0.53,-0.21,-0.13,0.43,0.83,24.71,-27.51,-11.72
2025-11-24 09:33:37.251,8,-1.45,3.79,8.06,-0.42,-0.5,-0.04,-0.0,0.2,0.91,17.01,-22.99,-26.1
2025-11-24 09:28:31.288,5,-5.58,1.27,7.74,0.52,-0.05,0.28,-0.22,0.19,0.84,33.69,-11.87,-23.96
2025-11-24 09:47:58.900,0,-2.06,3.71,7.71,0.1,-0.01,-0.16,0.07,0.18,0.62,34.88,-11.49,-35.91
2025-11-24 09:50:16.825,8,-2.43,7.22,6.9,-0.52,-0.18,-0.02,0.07,0.38,0.78,23.29,-30.62,-24.71
2025-11-24 09:23:59.050,5,-4.56,6.17,7.22,0.06,-0.64,-0.91,0.34,-0.15,-0.8,16.37,-28.44,-26.19
2025-11-24 09:38:28.903,5,-6.35,3.21,8.45,0.16,-0.09,-0.25,-0.19,0.28,0.83,31.33,-18.17,-19.5
2025-11-24 09:30:04.112,1,3.26,9.17,6.45,0.41,-0.14,-0.28,0.23,0.37,0.8,14.96,-35.06,-12.13
2025-11-24 09:37:14.752,6,-7.15,4.35,7.06,-0.11,0.06,0.32,-0.22,0.41,0.83,27.96,-25.46,-11.46
2025-11-24 09:29:46.145,9,-3.86,4.29,8.49,0.62,-1.59,0.33,-0.03,0.28,0.83,29.36,-22.05,-24.81
2025-11-24 09:33:52.869,9,-2.67,3.34,9.74,-0.01,-0.04,0.06,-0.06,0.22,0.88,22.48,-21.39,-25.2
2025-11-24 09:23:01.074,9,-2.51,3.96,9.42,-1.08,0.52,-0.25,0.14,-0.25,-0.96,7.13,-27.79,-24.56
2025-11-24 09:23:50.720,8,-0.57,3.81,8.93,-0.27,-0.19,0.17,0.2,-0.04,-0.14,-1.69,-1.56,-36.39
2025-11-24 09:38:57.786,1,-7.36,4.42,4.66,-0.17,-0.03,-0.15,-0.23,0.38,0.82,29.83,-23.74,-11.49
2025-11-24 09:16:02.069,4,2.47,9.54,4.92,0.13,0.52,-0.08,0.57,-0.08,-0.03,-0.39,-19.54,-41.53
2025-11-24 10:10:21.186,9,-2.05,3.31,9.59,-0.18,0.01,0.09,0.16,0.12,0.08,14.36,1.33,-45.06
2025-11-24 09:29:51.455,7,-2.69,4.91,7.73,-0.19,-0.89,0.14,-0.03,0.35,0.81,27.73,-26.55,-20.16
2025-11-24 09:23:30.567,9,7.68,4.63,4.26,0.61,-0.89,-0.06,-0.0,-0.54,-0.42,-38.42,-13.61,-0.88
2025-11-24 09:28:52.182,0,-3.48,2.28,8.98,0.03,0.07,0.07,-0.09,0.2,0.81,29.72,-14.74,-25.74
2025-11-24 09:48:23.860,0,-2.04,3.98,8.04,-0.06,-0.14,-0.05,0.11,0.22,0.61,35.87,-13.82,-33.94
2025-11-24 09:36:54.512,7,-4.78,6.25,6.96,-0.28,-0.07,-0.3,-0.09,0.4,0.84,25.59,-26.51,-13.84
2025-11-24 09:27:57.298,8,-2.35,1.46,8.81,-0.4,-0.83,-0.2,-0.09,0.12,0.74,33.79,0.32,-27.92
2025-11-24 09:15:36.889,0,-2.61,2.2,9.24,-0.27,0.09,0.03,0.16,0.06,-0.28,-4.74,14.42,-46.52
2025-11-24 09:37:56.337,7,-2.76,4.84,7.48,-0.19,0.81,-0.25,-0.02,0.31,0.86,19.44,-27.51,-19.33
2025-11-24 09:30:17.002,0,-1.5,2.73,9.49,0.1,-0.16,0.02,0.03,0.16,0.85,19.24,-19.93,-28.97
2025-11-24 09:23:06.012,1,-1.62,0.36,1.8,-0.61,0.14,-0.49,0.11,-0.0,-0.99,4.28,-14.68,-29.19
2025-11-24 09:37:20.206,2,-4.56,5.31,8.25,0.22,-0.72,-0.35,-0.16,0.35,0.85,26.06,-24.49,-16.05
2025-11-24 09:34:33.434,7,-4.0,5.71,6.71,0.25,0.03,0.05,-0.08,0.4,0.88,20.38,-28.05,-15.41
2025-11-24 09:36:49.977,9,-2.74,4.27,8.91,0.21,-0.07,0.13,-0.07,0.26,0.91,20.21,-24.28,-20.72
2025-11-24 09:23:41.464,5,-5.89,3.12,8.12,0.74,0.81,-1.64,-0.18,0.39,0.71,39.39,-7.74,-14.74
2025-11-24 09:28:57.363,6,-4.56,2.76,7.51,0.16,-0.08,0.08,-0.09,0.29,0.79,33.02,-18.11,-22.2
2025-11-24 09:23:35.158,0,-9.36,0.68,5.15,0.17,0.53,-0.22,0.49,0.16,-0.77,32.34,-14.46,-25.8
2025-11-24 09:22:59.467,2,-3.01,8.77,-0.89,0.52,-0.62,-0.03,0.38,-0.6,-0.67,0.51,-38.01,11.18
2025-11-24 09:15:25.544,1,-1.53,4.32,8.15,-0.28,-0.27,0.09,0.22,0.08,-0.11,3.39,10.84,-46.5
2025-11-24 09:35:39.810,0,-4.47,3.55,7.84,-0.29,-0.08,0.09,-0.11,0.28,0.85,26.57,-19.95,-22.86
2025-11-24 09:35:28.520,3,-5.38,6.23,5.27,0.16,-0.15,-0.45,-0.17,0.46,0.82,25.91,-28.01,-9.41
2025-11-24 09:37:50.466,0,-2.78,4.04,8.82,0.41,0.32,-0.05,-0.04,0.24,0.84,23.74,-20.61,-22.76
2025-11-24 09:37:56.106,0,-1.84,3.43,10.57,0.21,-0.15,0.1,-0.0,0.24,0.86,20.51,-22.78,-22.39
2025-11-24 09:38:04.113,2,-4.16,4.93,7.46,-0.49,-0.64,-0.32,-0.1,0.32,0.85,27.66,-23.18,-16.84
2025-11-24 09:22:56.234,5,-2.98,5.1,7.93,0.83,-0.18,0.12,0.3,-0.19,-0.67,-18.08,-21.92,-27.66
2025-11-24 09:38:01.426,6,-3.53,2.95,8.39,-0.05,-0.39,-0.0,-0.08,0.22,0.85,24.0,-20.7,-22.52
2025-11-23 22:48:22.719,6,0.41,6.95,6.98,-0.13,0.14,-0.04,0.12,-0.36,-0.85,6.94,-21.38,-23.87
2025-11-24 09:33:17.302,5,-2.72,5.69,7.56,-0.04,-0.44,-0.01,-0.0,0.34,0.86,21.34,-26.72,-16.86
2025-11-24 09:21:51.531,4,1.05,9.31,-0.08,1.0,0.84,0.37,0.71,0.05,0.09,6.47,-35.85,-11.87
2025-11-24 09:23:00.100,1,-4.19,8.99,1.55,1.35,-0.91,0.61,0.3,-0.61,-0.73,11.01,-36.39,8.85
2025-11-24 09:37:12.378,6,-5.21,5.97,5.94,-0.12,-0.09,-0.15,-0.21,0.45,0.83,24.68,-28.95,-10.89
2025-11-23 22:46:45.523,9,2.3,7.46,5.58,0.12,-0.37,0.17,0.42,0.15,0.54,1.13,-23.87,-26.29
2025-11-24 09:37:27.564,6,-4.59,3.35,8.7,0.42,0.05,0.14,-0.16,0.3,0.84,25.93,-23.57,-17.25
2025-11-24 09:35:12.160,6,-5.68,5.22,7.48,0.36,0.04,-0.16,-0.15,0.39,0.85,24.9,-27.94,-11.7
2025-11-23 22:48:52.156,4,-0.66,5.55,7.79,0.05,0.08,0.06,0.25,0.18,0.45,10.91,-16.18,-30.6
2025-11-24 09:15:50.552,3,-3.59,3.99,8.34,0.32,-0.36,-0.16,0.25,0.12,-0.33,8.06,13.24,-44.08
2025-11-24 09:23:25.476,1,-0.46,7.34,4.38,-0.94,-2.18,-0.44,0.5,-0.0,-0.15,7.03,-10.01,-39.9
2025-11-24 09:48:10.087,7,-1.32,5.76,7.1,-0.44,-0.06,-0.22,0.2,0.24,0.67,31.93,-21.28,-30.54
2025-11-24 09:35:11.642,7,-2.98,7.18,7.23,-0.4,-0.16,-0.2,-0.13,0.37,0.88,21.84,-29.31,-14.49
2025-11-24 09:37:00.316,4,-5.33,6.61,5.19,-0.11,-0.33,-0.31,-0.16,0.45,0.83,22.82,-30.04,-12.06
2025-11-24 09:15:51.505,0,-2.16,2.75,7.9,0.32,-0.62,0.47,0.2,0.03,-0.36,-0.62,11.04,-45.62
2025-11-23 22:48:55.888,6,-2.41,4.25,8.43,-0.1,-0.05,-0.03,0.13,0.21,0.48,17.51,-8.87,-31.03
2025-11-24 09:35:14.049,9,-3.27,3.95,9.6,-0.16,0.18,0.01,-0.07,0.28,0.87,21.9,-24.53,-19.54
2025-11-23 22:48:35.045,5,1.1,7.26,6.49,-0.06,0.05,0.0,0.37,0.18,0.52,5.89,-21.81,-26.04
2025-11-24 09:37:35.058,6,-5.25,4.03,6.92,-0.37,-0.12,-0.14,-0.16,0.32,0.84,28.78,-22.28,-16.89
2025-11-24 09:21:44.763,0,-0.19,4.85,8.09,-0.27,0.45,0.36,0.26,-0.09,-0.51,-6.19,-9.32,-39.15
2025-11-24 09:37:03.573,9,-5.45,3.95,7.79,-0.61,-0.3,-0.14,-0.17,0.31,0.86,25.13,-23.94,-19.65
2025-11-24 09:30:23.195,1,-0.72,5.44,8.19,0.23,0.8,-0.27,0.03,0.28,0.84,23.48,-25.97,-23.4
2025-11-24 09:35:25.722,0,-4.07,4.69,8.05,-1.0,-0.19,-0.05,-0.07,0.33,0.85,23.61,-23.98,-19.8
2025-11-24 09:15:44.438,2,-3.07,5.28,8.78,0.01,-0.45,-0.49,0.24,0.16,-0.17,7.73,10.09,-46.07
2025-11-23 22:48:31.371,6,1.55,7.23,6.15,0.02,0.06,0.0,0.38,0.18,0.53,3.3,-22.69,-22.33
2025-11-24 09:30:19.163,8,-1.69,3.11,8.75,0.0,-0.18,0.02,0.02,0.16,0.84,21.04,-19.86,-30.88
2025-11-24 09:29:56.797,0,-5.49,3.47,8.31,-0.24,0.36,-0.1,-0.1,0.31,0.8,35.21,-17.44,-21.28
2025-11-24 09:29:50.340,3,-4.04,9.01,2.9,-0.03,-0.22,0.09,0.0,0.64,0.69,25.09,-32.89,5.74
2025-11-24 09:37:19.013,7,-5.12,5.8,7.68,-0.84,0.02,0.32,-0.15,0.38,0.87,17.89,-27.96,-12.09
2025-11-24 09:28:56.061,5,-5.66,3.54,7.24,-0.05,0.28,-0.44,-0.12,0.28,0.78,34.82,-16.58,-21.77
2025-11-24 09:48:16.706,7,-2.29,5.39,9.42,0.3,-0.8,0.46,0.14,0.27,0.67,35.23,-18.11,-30.56
2025-11-24 09:30:07.959,6,3.03,6.5,6.57,0.1,0.05,0.01,0.34,0.22,0.78,6.71,-33.84,-20.81
2025-11-24 09:28:49.740,0,-4.26,1.12,9.45,-0.0,-0.01,0.04,-0.12,0.18,0.79,30.73,-12.41,-25.89
2025-11-24 09:15:42.938,8,-2.72,1.81,9.51,0.65,0.03,0.43,0.16,0.1,-0.23,0.09,14.44,-45.39
2025-11-23 22:53:00.918,5,-0.68,6.88,7.28,-0.15,-0.05,0.04,0.29,0.22,0.52,9.26,-18.94,-26.57
2025-11-24 09:34:40.096,6,-4.44,6.23,7.03,-0.27,-0.15,-0.01,-0.12,0.39,0.86,21.56,-27.47,-15.83
2025-11-24 09:23:01.824,9,-2.74,-2.57,7.76,-0.86,0.31,0.19,0.16,0.24,-0.92,3.09,3.0,-33.92
2025-11-24 09:47:24.368,9,-0.46,3.45,9.4,-0.08,0.13,-0.02,0.13,0.14,0.68,26.08,-16.13,-38.03
2025-11-24 09:23:51.695,2,-1.31,6.44,7.18,-0.58,0.22,-0.26,0.32,0.03,-0.05,8.81,-7.16,-36.81
2025-11-24 09:21:47.589,8,-3.3,4.68,8.78,-0.05,-0.1,-0.2,0.26,0.08,-0.14,7.16,-6.69,-37.43
2025-11-24 09:21:58.052,2,-2.27,8.28,6.58,-0.06,0.52,-0.19,0.09,0.52,0.76,21.99,-32.83,-5.04
2025-11-24 09:31:54.484,5,-2.42,6.49,8.11,-0.36,0.02,-0.12,0.09,0.35,0.85,18.71,-30.53,-14.19
2025-11-24 09:23:37.807,7,-6.83,3.27,8.37,0.0,-0.35,0.17,0.39,-0.1,-0.9,31.74,-19.26,-26.21
2025-11-24 09:38:47.042,8,-5.21,4.17,8.74,-0.21,-0.18,-0.27,-0.13,0.32,0.83,29.01,-22.2,-16.24
2025-11-24 09:33:24.421,0,-2.03,3.33,8.44,0.01,0.26,0.23,-0.02,0.2,0.91,15.21,-22.93,-26.04
2025-11-24 09:34:14.292,9,-2.07,4.14,9.86,-0.66,-0.47,-0.14,-0.03,0.24,0.88,19.52,-22.07,-23.48
2025-11-24 09:15:29.492,8,-1.15,2.44,9.66,-0.16,-0.3,-0.1,0.14,0.05,-0.22,-4.43,13.07,-44.25
2025-11-24 09:47:48.426,4,-3.85,5.89,7.23,-0.34,0.18,-0.42,0.07,0.32,0.67,38.42,-18.96,-28.33
2025-11-24 09:29:53.521,4,0.86,7.33,9.35,0.0,-1.14,0.1,0.18,0.33,0.78,19.43,-30.41,-20.38
2025-11-24 09:37:14.233,0,-5.77,3.78,8.88,-0.78,0.0,-0.15,-0.21,0.31,0.87,25.71,-23.64,-18.36
2025-11-24 09:27:57.903,0,-1.83,0.55,8.85,0.03,-0.21,-0.19,-0.05,0.09,0.68,29.18,1.46,-31.41
2025-11-24 09:48:15.838,9,-0.81,3.38,10.2,-0.33,-0.07,0.09,0.11,0.17,0.64,33.79,-12.71,-35.29
2025-11-24 09:23:25.793,8,0.85,6.59,9.44,-0.41,-1.37,-0.72,0.32,-0.19,-0.32,-18.24,-2.66,-36.0
2025-11-24 10:10:22.212,8,-2.56,4.27,9.28,-0.02,0.23,0.17,0.21,0.15,0.11,16.65,-4.22,-43.22
2025-11-24 09:38:28.656,3,-5.4,3.97,8.33,-0.09,-0.33,-0.07,-0.19,0.31,0.83,30.58,-19.28,-16.56
2025-11-24 09:38:52.273,3,-5.06,3.65,7.67,0.0,-0.75,-0.03,-0.18,0.3,0.83,31.5,-17.64,-19.44
2025-11-24 09:34:31.360,8,-3.37,6.37,6.73,-0.4,-0.05,-0.01,-0.06,0.36,0.88,17.96,-27.99,-17.06
2025-11-24 09:18:24.694,8,0.04,6.85,-5.16,-0.06,-0.39,0.28,0.46,0.81,0.33,11.93,-15.6,27.26
2025-11-24 09:23:41.322,4,-3.39,2.92,9.19,1.15,1.56,-1.07,-0.16,0.33,0.78,36.09,-9.02,-19.01
2025-11-24 09:48:22.550,6,-2.2,4.0,8.67,-0.02,-0.03,0.06,0.07,0.23,0.65,36.04,-14.91,-33.6
2025-11-24 09:38:22.140,3,-4.68,4.74,8.21,0.37,0.01,-0.08,-0.16,0.33,0.84,28.44,-22.8,-14.74
2025-11-23 22:48:23.772,4,1.4,7.04,8.21,0.29,0.25,0.08,0.08,-0.37,-0.86,6.45,-19.74,-26.42
2025-11-24 09:15:43.655,5,-3.8,2.28,8.81,0.07,-0.08,-0.32,0.21,0.13,-0.2,1.63,10.46,-44.49
2025-11-24 09:23:56.861,1,2.74,3.98,8.77,0.09,0.06,-0.51,0.2,-0.13,0.09,-3.53,1.58,-32.93
2025-11-24 09:23:29.516,0,7.75,3.6,4.54,0.13,-0.41,0.04,-0.05,-0.53,-0.45,-35.19,-9.83,-1.24
2025-11-24 09:47:42.054,6,-1.95,4.56,8.79,-0.09,0.19,0.01,0.1,0.24,0.66,33.98,-17.14,-33.45
2025-11-24 09:23:53.818,7,0.23,5.73,8.46,0.26,0.47,0.14,0.29,0.05,-0.05,7.44,-7.46,-35.46
2025-11-24 09:21:55.403,5,-2.05,8.35,4.07,0.58,0.24,-0.05,0.38,0.47,0.53,23.14,-34.48,-4.28
2025-11-24 09:38:44.277,2,-6.17,4.5,7.8,0.27,-0.45,-0.28,-0.2,0.35,0.83,29.78,-22.99,-15.51
2025-11-24 09:47:25.063,6,0.28,4.77,9.28,-0.08,0.07,-0.16,0.14,0.19,0.68,30.88,-15.96,-36.36
2025-11-24 09:38:54.494,2,-5.36,4.65,7.86,0.3,-0.09,-0.04,-0.18,0.36,0.83,30.21,-22.71,-12.88
2025-11-24 09:48:07.024,3,-3.15,5.38,8.07,0.38,-0.47,0.53,0.07,0.34,0.66,40.69,-18.39,-24.62
2025-11-24 09:23:46.288,1,-7.03,3.85,7.26,0.7,0.87,-0.42,0.21,0.38,0.05,35.48,0.88,-26.36
2025-11-24 09:34:06.695,3,-5.03,6.3,6.13,-0.57,-0.26,-0.18,-0.13,0.44,0.82,26.72,-28.16,-10.95
2025-11-24 09:34:54.550,7,-3.48,6.34,8.32,-0.5,-0.0,-0.1,-0.09,0.4,0.86,21.49,-27.15,-14.12
2025-11-24 09:23:32.615,9,-1.64,4.32,5.7,0.03,2.88,-1.26,0.21,-0.06,-0.6,-6.9,-12.56,-37.29
2025-11-24 09:34:24.135,8,-4.18,4.34,8.36,-0.17,-0.09,0.02,-0.08,0.3,0.88,20.94,-25.71,-18.75
2025-11-24 09:28:46.295,3,-5.81,3.45,6.85,-0.14,0.03,0.05,-0.12,0.29,0.8,33.41,-18.98,-21.09
2025-11-24 09:37:16.046,9,-5.84,3.85,9.33,-0.31,-0.46,0.07,-0.16,0.33,0.86,26.14,-24.66,-18.71
2025-11-24 09:30:05.185,4,3.21,5.52,8.46,-0.01,0.02,-0.42,0.27,0.19,0.79,10.5,-30.11,-25.37
2025-11-24 09:47:54.357,9,-1.0,2.85,10.13,-0.27,-0.28,-0.02,0.08,0.16,0.63,33.96,-11.25,-38.04
2025-11-24 09:33:48.963,4,-3.74,5.44,7.36,-0.69,-0.09,-0.17,-0.09,0.35,0.87,24.9,-24.15,-18.45
2025-11-24 09:48:12.809,9,-0.81,3.3,9.18,-0.01,-0.3,0.12,0.13,0.15,0.64,30.08,-14.87,-37.18
2025-11-24 09:48:01.676,2,-4.31,6.08,6.78,-0.22,-0.66,-0.33,0.06,0.37,0.67,42.15,-17.38,-21.88
2025-11-24 09:32:58.976,5,-1.65,4.93,7.75,-0.18,-0.35,-0.04,0.01,0.28,0.88,19.74,-23.76,-19.93
2025-11-24 09:33:39.275,2,-5.36,3.13,7.31,0.17,-0.26,0.1,-0.17,0.28,0.85,27.84,-20.27,-19.82
2025-11-24 09:37:05.198,2,-6.22,6.73,3.04,0.71,-0.42,-0.31,-0.22,0.5,0.8,24.47,-29.61,-6.38
2025-11-24 09:33:25.144,9,-1.71,1.56,9.08,-0.13,-0.37,0.08,-0.04,0.12,0.95,12.23,-19.44,-27.23
2025-11-23 22:59:39.371,6,-1.15,8.92,5.33,-0.39,0.02,0.02,0.43,0.31,0.38,18.0,-21.21,-21.86
2025-11-24 09:23:51.961,5,-0.67,6.22,8.46,0.04,-0.02,0.03,0.27,0.03,-0.06,8.78,-2.98,-36.26
2025-11-24 09:47:36.083,4,-3.15,5.7,6.97,-0.23,-0.12,-0.17,0.1,0.3,0.66,38.46,-17.66,-28.35
2025-11-24 09:36:51.936,4,-5.62,6.06,4.26,-0.09,-0.17,-0.35,-0.2,0.43,0.84,25.37,-27.68,-11.78
2025-11-24 09:21:54.536,0,-0.22,7.79,-2.37,-1.62,-0.22,-0.51,0.57,0.59,0.39,17.48,-33.34,21.32
2025-11-24 09:33:38.390,3,-4.14,3.48,8.04,-0.34,-0.41,-0.56,-0.12,0.25,0.87,26.72,-20.21,-21.69
2025-11-23 22:53:15.646,0,-0.51,5.95,8.32,-0.49,0.19,0.04,0.27,0.17,0.46,9.83,-15.13,-28.91
2025-11-24 09:15:18.986,0,-0.9,2.98,9.84,0.27,0.16,-0.03,0.19,-0.0,-0.04,-6.24,11.03,-45.3
2025-11-23 22:48:23.203,0,1.0,6.71,7.0,0.04,-0.1,0.04,0.08,-0.37,-0.87,6.04,-19.52,-26.61
2025-11-24 09:34:47.004,7,-3.32,6.93,6.54,0.17,0.06,0.01,-0.03,0.41,0.85,19.97,-28.93,-13.03
2025-11-24 09:33:49.510,8,-3.29,4.04,8.27,-0.61,-0.34,-0.12,-0.07,0.25,0.88,21.34,-22.28,-23.04
2025-11-24 09:21:47.137,0,-1.98,2.96,10.2,0.05,0.35,-0.09,0.23,0.07,-0.09,6.99,-3.36,-37.29
2025-11-24 09:23:58.818,2,-5.2,6.78,4.42,0.05,-1.0,-0.94,0.43,-0.13,-0.7,19.07,-28.61,-24.6
2025-11-24 09:47:52.475,3,-3.27,4.27,9.12,0.35,0.03,0.12,0.07,0.29,0.65,32.34,-18.88,-24.39
2025-11-24 09:48:23.614,7,-3.04,5.68,6.67,-0.6,-0.67,-0.61,0.08,0.3,0.64,39.13,-15.58,-28.41
2025-11-24 09:33:01.050,4,-2.53,5.6,6.6,-0.05,-0.79,0.13,-0.01,0.29,0.88,17.72,-27.9,-18.68
2025-11-24 09:15:35.357,4,-3.3,4.39,9.17,-0.18,0.23,-0.09,0.26,0.13,-0.17,6.53,7.39,-47.83
2025-11-24 09:37:52.942,5,-4.14,4.82,8.64,-0.41,-0.95,-0.28,-0.07,0.3,0.86,25.65,-23.18,-19.86
2025-11-24 09:30:04.981,5,1.61,5.63,9.37,-0.48,-0.39,-0.07,0.24,0.23,0.81,13.54,-29.23,-24.24
2025-11-24 09:38:55.328,7,-5.84,3.43,7.67,-0.1,-0.36,-0.04,-0.16,0.31,0.84,27.9,-22.46,-15.45
2025-11-24 09:35:16.262,4,-5.64,4.63,7.16,-0.55,-0.08,-0.47,-0.15,0.32,0.86,28.05,-23.38,-15.3
2025-11-24 09:35:37.060,2,-6.08,6.06,4.46,-0.31,-0.55,-0.25,-0.24,0.46,0.79,30.43,-24.54,-8.08
2025-11-24 09:22:39.106,0,-2.56,3.99,8.95,0.23,-0.68,-0.44,0.2,-0.08,-0.53,-3.13,-5.68,-34.82
2025-11-24 09:30:22.098,0,-2.67,1.45,9.06,0.25,0.14,0.15,-0.06,0.14,0.84,24.53,-15.49,-29.19
2025-11-24 09:38:09.472,8,-3.62,3.08,9.26,0.31,0.35,0.31,-0.1,0.24,0.86,24.21,-19.69,-22.13
2025-11-23 22:44:20.762,8,1.3,6.25,7.85,-0.4,-0.27,0.03,0.04,-0.35,-0.88,-1.13,-22.13,-23.49
2025-11-24 09:30:27.100,4,-2.16,2.82,7.82,0.58,0.36,0.07,-0.04,0.19,0.84,27.15,-17.1,-25.11
2025-11-24 09:16:03.135,5,-1.01,8.64,4.72,-0.21,0.2,-0.31,0.51,0.02,-0.03,7.59,-13.24,-46.44
2025-11-24 09:23:40.731,7,-3.69,2.6,9.05,-0.01,0.51,-1.24,-0.13,0.16,0.9,29.04,-10.71,-24.58
2025-11-23 22:45:09.220,6,-0.19,7.98,5.13,-0.31,-0.15,-0.01,0.34,0.28,0.61,8.19,-22.05,-23.48
2025-11-24 09:30:11.864,2,0.46,7.12,6.5,0.21,-0.36,0.36,0.27,0.31,0.82,11.36,-32.91,-18.02
2025-11-24 09:37:17.969,6,-5.29,6.35,7.24,-0.43,-1.14,-0.63,-0.18,0.38,0.86,21.75,-27.24,-13.11
2025-11-24 09:23:42.148,2,-8.31,3.85,5.18,0.47,-0.49,-1.03,0.0,0.49,0.4,41.66,-4.63,-12.47
2025-11-23 22:53:03.377,8,-0.33,6.28,7.87,0.03,0.16,-0.04,0.3,0.19,0.48,9.75,-17.08,-28.43
2025-11-24 09:15:38.173,3,-3.46,4.96,7.72,-0.23,-0.11,-0.58,0.25,0.14,-0.21,5.18,9.47,-48.19
2025-11-24 09:34:31.689,7,-4.33,5.93,7.27,-0.54,-0.03,-0.15,-0.11,0.38,0.88,19.76,-29.01,-14.91
2025-11-24 09:36:54.069,4,-4.7,7.05,4.97,0.25,-0.28,-0.26,-0.16,0.45,0.83,24.62,-30.24,-9.36
2025-11-23 22:56:31.536,6,-0.71,7.27,6.13,-0.29,-0.18,0.08,0.34,0.21,0.49,10.37,-20.57,-22.31
2025-11-24 09:33:06.104,2,-3.91,4.71,7.9,0.02,-0.53,0.1,-0.06,0.31,0.86,24.3,-24.3,-19.95
2025-11-24 09:36:04.815,5,-3.42,4.32,7.97,-0.59,-0.24,-0.12,-0.09,0.26,0.88,21.38,-24.19,-21.92
2025-11-24 09:33:52.376,8,-3.41,3.86,9.1,-0.77,-0.01,-0.05,-0.07,0.25,0.88,20.76,-24.19,-23.46
2025-11-24 09:28:29.969,0,-3.43,0.2,10.19,0.13,-0.56,0.2,-0.14,0.12,0.86,27.68,-11.38,-28.59
2025-11-24 09:23:37.682,8,-7.2,4.76,5.95,-0.31,-0.53,-0.1,0.45,-0.11,-0.88,34.03,-21.24,-20.78
2025-11-24 09:34:48.458,8,-3.31,5.88,6.39,-0.29,-0.09,0.03,-0.06,0.36,0.86,19.61,-30.19,-17.66
2025-11-24 09:15:18.161,6,-1.2,5.22,7.75,-0.4,-0.17,-0.21,0.28,0.05,0.01,6.02,4.22,-46.84
2025-11-24 09:33:46.711,7,-4.18,4.21,8.09,-0.31,-0.81,-0.15,-0.12,0.28,0.88,23.68,-24.15,-22.76
2025-11-24 09:35:32.731,5,-4.55,6.25,6.46,-0.28,-0.04,-0.11,-0.15,0.41,0.84,24.23,-28.43,-12.68
2025-11-23 22:52:57.090,8,0.46,6.34,6.39,0.29,-0.21,-0.05,0.32,0.17,0.48,8.01,-16.67,-27.23
2025-11-24 09:30:13.319,7,0.91,3.56,11.79,-0.3,0.05,0.03,0.14,0.16,0.84,15.62,-23.64,-27.84
2025-11-24 09:37:33.748,8,-4.77,3.47,8.63,-0.25,0.31,0.1,-0.14,0.31,0.83,27.38,-23.08,-16.8
2025-11-24 09:15:59.911,1,0.92,8.67,6.33,0.2,1.11,0.34,0.52,-0.06,-0.12,1.48,-15.92,-44.51
2025-11-24 09:35:56.091,2,-5.88,7.06,6.34,-0.03,-0.4,-0.02,-0.19,0.49,0.83,24.28,-29.46,-4.5
2025-11-24 09:15:32.998,6,-2.38,2.59,9.36,0.23,0.21,-0.01,0.18,0.08,-0.23,-3.21,12.71,-44.7
2025-11-24 09:18:29.521,4,0.12,7.02,-8.08,0.48,0.03,-0.12,0.59,0.68,0.34,10.2,-23.27,21.68
2025-11-24 09:34:26.220,3,-5.09,6.4,6.19,-0.39,-0.31,0.07,-0.16,0.44,0.83,26.19,-27.32,-10.73
2025-11-24 09:34:46.662,7,-3.67,6.63,6.8,-0.34,-0.21,-0.15,-0.05,0.42,0.85,21.49,-28.74,-13.86
2025-11-24 09:36:03.072,8,-1.82,2.9,8.83,-0.31,0.08,-0.04,-0.03,0.18,0.9,17.16,-22.31,-25.48
2025-11-24 09:48:30.003,9,-1.97,2.6,11.3,-0.19,-0.08,-0.01,0.06,0.17,0.62,35.66,-9.23,-37.48
2025-11-24 09:15:16.387,8,0.58,5.6,8.52,0.0,-0.2,-0.01,0.24,-0.01,-0.02,0.58,8.57,-47.94
2025-11-23 22:52:56.295,9,0.43,5.88,8.17,-0.03,0.0,0.04,0.3,0.15,0.48,7.59,-16.44,-27.71
2025-11-24 09:33:59.149,0,-2.8,4.55,8.26,0.05,-0.41,0.03,-0.05,0.27,0.89,18.69,-26.72,-19.61
2025-11-24 09:15:52.417,1,0.22,5.38,10.6,0.25,0.4,-0.03,0.25,-0.01,-0.22,-0.41,5.29,-47.96
2025-11-24 09:38:53.354,9,-3.42,1.61,11.1,0.27,0.61,0.22,-0.08,0.2,0.85,24.08,-17.16,-24.34
2025-11-23 22:52:54.061,4,1.06,6.87,8.0,0.05,0.2,0.0,0.34,0.15,0.44,4.09,-18.83,-23.72
2025-11-24 09:15:58.186,1,1.6,7.33,8.96,0.22,0.57,-0.49,0.28,-0.03,-0.1,-3.02,3.24,-47.29
2025-11-24 09:38:07.090,5,-4.35,4.99,6.54,-0.01,-0.22,-0.37,-0.1,0.28,0.85,24.94,-22.71,-20.19
2025-11-24 09:34:53.759,8,-3.89,5.12,8.27,-0.13,-0.1,0.05,-0.08,0.35,0.87,22.88,-26.85,-16.22
2025-11-24 09:28:46.031,5,-4.52,2.98,8.19,-0.12,0.1,-0.1,-0.09,0.27,0.81,32.01,-18.04,-22.97
2025-11-24 09:15:37.932,2,-2.74,6.01,7.9,-0.3,-0.48,-0.51,0.28,0.15,-0.19,6.68,7.11,-46.2
2025-11-24 09:34:42.273,2,-4.41,7.57,4.79,0.18,-0.24,-0.01,-0.08,0.51,0.8,21.21,-31.63,-4.84
2025-11-24 09:23:02.467,9,-2.99,-8.49,7.67,-0.11,0.53,-0.06,0.09,0.43,-0.89,-1.56,16.91,-28.39
2025-11-24 09:29:52.450,5,-5.1,6.66,4.98,0.11,-1.46,0.42,0.01,0.52,0.75,30.0,-30.56,-6.62
2025-11-24 09:47:28.357,7,-1.75,4.55,7.24,-0.46,-0.58,-0.06,0.13,0.22,0.66,32.36,-18.17,-33.96
2025-11-24 09:15:57.935,2,1.34,5.54,9.12,-0.02,-0.24,-0.32,0.25,-0.08,-0.14,-6.81,4.46,-47.06
2025-11-24 09:39:01.665,3,-7.43,2.91,7.02,0.58,-0.59,-0.49,-0.28,0.33,0.79,34.33,-19.16,-11.83
2025-11-23 22:48:37.644,8,0.59,6.97,6.72,-0.03,0.02,-0.03,0.34,0.18,0.51,8.72,-19.54,-26.25
2025-11-24 09:23:52.370,7,0.64,4.74,8.41,0.09,0.46,-0.15,0.22,-0.02,-0.12,0.13,-0.83,-38.03
2025-11-24 09:47:53.166,4,-3.46,4.42,6.76,-0.31,-0.3,-0.1,0.07,0.31,0.66,38.85,-17.89,-27.11
2025-11-24 09:36:08.244,4,-4.88,4.08,6.24,0.31,-0.31,-0.46,-0.12,0.27,0.89,23.74,-22.35,-20.49
2025-11-24 09:33:50.980,3,-4.92,5.16,8.3,0.11,-0.05,-0.19,-0.11,0.38,0.83,21.69,-27.23,-10.26
2025-11-24 09:28:47.333,7,-3.14,1.75,8.64,0.12,0.36,-0.03,-0.1,0.17,0.83,29.16,-15.19,-26.08
2025-11-24 09:15:54.588,4,0.47,5.11,9.65,0.17,0.61,-0.1,0.24,0.01,-0.16,-1.33,7.01,-47.33
2025-11-24 09:22:41.971,6,0.3,9.07,3.28,-0.03,0.07,-0.07,0.53,-0.22,-0.29,-6.02,-31.14,-23.18
2025-11-24 09:30:22.822,6,-3.27,4.24,8.79,0.0,-0.36,0.01,-0.06,0.27,0.83,28.97,-21.32,-23.31
2025-11-24 09:38:45.714,3,-5.8,5.01,5.72,0.24,-1.08,0.04,-0.17,0.36,0.83,28.33,-23.64,-14.85
2025-11-24 09:32:58.541,7,-1.8,4.48,7.14,-0.36,-0.26,-0.05,0.02,0.24,0.89,15.68,-26.01,-22.82
2025-11-24 09:35:34.672,8,-4.88,5.46,6.66,-0.09,0.02,-0.1,-0.14,0.4,0.83,26.87,-27.19,-14.49
2025-11-24 09:36:05.054,6,-2.92,4.32,9.38,-0.08,-0.2,-0.03,-0.06,0.25,0.89,21.99,-22.59,-21.09
2025-11-24 09:15:36.031,2,-3.75,5.69,6.37,0.21,-0.51,-0.65,0.26,0.15,-0.17,9.62,11.01,-46.52
2025-11-24 09:23:30.941,5,7.37,5.03,5.04,0.74,0.07,-0.01,0.0,-0.53,-0.4,-36.28,-6.73,-5.87
2025-11-24 09:15:19.875,1,1.32,6.75,11.05,0.5,1.2,-0.01,0.33,0.04,0.07,5.31,0.84,-47.68
2025-11-24 09:15:52.081,4,-0.85,4.38,9.24,0.1,0.34,0.16,0.25,0.01,-0.26,1.44,7.33,-48.56
2025-11-24 09:30:26.310,7,-3.32,1.69,11.06,-0.2,-0.71,0.07,-0.1,0.2,0.83,30.21,-13.82,-25.84
2025-11-24 09:38:40.406,3,-5.94,3.64,6.79,0.41,-0.13,0.06,-0.2,0.32,0.83,29.79,-21.39,-17.89
2025-11-24 09:24:00.091,8,-3.12,4.14,10.24,-0.86,0.02,-0.0,0.2,-0.17,-0.9,9.99,-27.23,-31.28
2025-11-24 09:36:54.734,8,-4.44,5.95,6.62,-0.37,0.05,-0.31,-0.1,0.37,0.84,25.86,-26.46,-14.83
2025-11-24 09:15:37.165,9,-2.24,1.72,10.28,-0.25,-0.18,-0.04,0.13,0.07,-0.27,-5.83,14.01,-45.53
2025-11-24 09:36:10.770,9,-3.94,3.56,8.4,0.71,-0.93,-0.08,-0.09,0.24,0.9,21.56,-23.03,-22.61
2025-11-24 09:28:59.031,9,-3.9,1.26,10.34,0.16,-0.06,0.12,-0.1,0.18,0.79,30.53,-12.49,-27.62
2025-11-24 09:28:35.031,4,-2.02,4.21,9.13,-0.3,-0.65,0.11,0.03,0.25,0.82,26.49,-21.08,-22.89
2025-11-24 09:47:30.670,1,-4.02,5.68,7.21,-0.58,-0.29,-0.39,0.09,0.34,0.67,39.19,-18.43,-25.37
2025-11-24 09:37:08.465,6,-5.95,5.81,5.43,-0.34,-0.75,-0.15,-0.21,0.42,0.84,24.94,-26.64,-11.42
2025-11-24 09:23:29.000,7,7.56,4.04,4.73,-1.01,0.34,0.11,0.02,-0.51,-0.39,-37.35,-11.16,-4.71
2025-11-24 09:15:36.274,5,-1.77,4.33,10.53,-0.4,0.43,-0.51,0.21,0.1,-0.22,0.38,9.68,-46.16
2025-11-24 09:47:31.684,8,-2.07,3.92,8.41,-0.22,-0.39,-0.12,0.12,0.2,0.64,33.17,-13.65,-35.08
2025-11-24 09:32:57.154,9,-0.98,2.48,10.25,0.46,-0.29,0.04,-0.01,0.14,0.9,18.51,-16.26,-29.4
2025-11-24 09:28:45.010,4,-3.49,2.88,9.35,0.31,0.23,0.02,-0.09,0.24,0.8,31.76,-16.5,-23.31
2025-11-24 09:48:30.199,6,-2.35,3.1,9.76,-0.14,-0.6,-0.11,0.06,0.19,0.62,37.09,-10.33,-34.95
2025-11-24 09:18:14.204,0,-1.43,4.07,8.26,0.1,-0.5,-0.17,0.17,-0.02,-0.57,-6.69,-1.33,-51.54
2025-11-24 09:35:23.492,6,-5.75,4.97,6.72,0.09,-0.49,-0.19,-0.15,0.37,0.85,24.06,-27.84,-15.45
2025-11-24 09:28:52.445,9,-3.65,2.54,8.93,0.14,-0.1,0.12,-0.07,0.22,0.81,29.23,-18.71,-26.79
2025-11-24 09:37:32.618,3,-5.33,5.46,7.02,0.39,-0.64,-0.72,-0.13,0.36,0.82,29.12,-23.12,-13.24
2025-11-24 09:48:24.295,9,-2.2,2.72,10.83,-0.61,-0.12,-0.22,0.07,0.19,0.62,35.98,-11.25,-36.69
2025-11-24 09:34:25.938,2,-5.58,6.71,1.97,-1.09,-0.57,-0.24,-0.17,0.49,0.8,25.78,-29.12,-4.91
2025-11-24 09:24:01.592,0,-0.16,4.57,8.49,-0.2,0.36,0.08,0.13,-0.19,-0.93,7.73,-26.27,-27.21
2025-11-24 09:23:26.203,8,6.12,4.67,8.65,-0.58,0.13,-0.46,0.13,-0.34,-0.35,-33.15,-4.37,-19.35
2025-11-24 09:29:09.051,7,-4.07,1.21,9.43,0.03,0.48,-0.05,-0.13,0.18,0.79,32.48,-9.62,-27.04
2025-11-24 09:33:20.354,8,-1.36,4.79,7.71,0.07,-0.13,0.1,0.01,0.27,0.9,14.36,-27.43,-22.52
2025-11-24 09:23:23.452,3,-2.53,8.34,4.58,0.41,-0.2,-0.41,0.4,0.29,0.3,22.59,-21.58,-30.43
2025-11-24 09:21:58.333,5,-4.31,7.36,5.75,-1.01,0.81,-0.53,0.02,0.47,0.8,21.26,-31.13,-9.66
2025-11-24 09:34:32.124,7,-3.7,6.18,6.39,-0.36,-0.46,-0.28,-0.1,0.39,0.87,20.68,-27.66,-14.53
2025-11-24 09:29:44.101,9,0.03,4.46,7.74,0.58,-0.04,0.27,0.07,0.26,0.93,18.38,-25.74,-27.69
2025-11-24 09:35:23.289,6,-4.82,4.49,8.08,-0.03,-0.1,0.0,-0.15,0.34,0.86,27.19,-23.44,-16.76
2025-11-24 09:34:55.091,5,-4.42,6.76,6.6,-0.42,-0.11,-0.08,-0.1,0.43,0.84,22.29,-28.54,-10.18
2025-11-24 09:34:17.321,0,-2.52,1.1,11.15,-0.43,-0.32,-0.02,-0.05,0.11,0.93,13.14,-17.81,-29.51
2025-11-24 09:48:11.822,5,0.9,5.74,9.18,0.31,-0.36,0.28,0.16,0.24,0.68,30.13,-22.82,-30.66
2025-11-24 09:35:56.304,1,-3.96,8.52,6.44,-0.15,-0.69,0.1,-0.16,0.48,0.84,14.91,-33.88,-3.38
2025-11-24 09:38:27.832,9,-3.48,1.71,10.05,-0.28,-0.09,0.01,-0.11,0.18,0.85,26.25,-15.68,-23.48
2025-11-24 09:38:56.757,6,-4.75,2.88,9.03,0.6,0.27,0.2,-0.17,0.27,0.84,28.07,-20.04,-19.67
2025-11-24 09:22:58.347,3,-3.13,8.29,6.62,0.72,0.16,-0.26,0.41,-0.22,-0.66,-11.29,-28.37,-25.91
2025-11-24 09:38:32.459,5,-4.63,3.48,6.52,0.54,-0.24,0.56,-0.17,0.28,0.84,29.18,-18.99,-19.91
2025-11-24 09:38:26.054,3,-5.12,4.07,6.09,0.78,-0.1,-0.01,-0.18,0.34,0.83,29.66,-22.22,-17.25
2025-11-24 09:34:38.727,5,-4.56,6.42,6.34,0.18,-0.39,-0.07,-0.12,0.4,0.86,21.88,-29.48,-14.31
2025-11-24 09:48:22.755,5,-2.84,4.71,8.77,0.25,0.07,0.07,0.07,0.29,0.66,39.75,-16.24,-27.75
2025-11-24 09:21:51.186,8,-1.34,10.18,1.68,0.19,0.29,0.25,0.67,0.01,-0.01,6.49,-33.96,-16.74
2025-11-24 09:30:02.956,6,-1.2,7.09,6.99,0.18,0.04,0.06,0.16,0.38,0.78,22.73,-29.93,-15.15
2025-11-24 09:38:47.756,6,-5.06,3.17,8.55,0.5,0.1,0.07,-0.15,0.29,0.84,29.87,-17.72,-20.51
2025-11-24 09:47:50.988,4,-3.82,5.28,6.99,-0.4,-0.11,-0.24,0.08,0.31,0.66,38.78,-18.21,-25.86
2025-11-24 09:38:14.151,5,-3.1,4.29,7.15,-0.3,-0.3,-0.24,-0.07,0.26,0.85,25.58,-18.56,-22.76
2025-11-24 09:47:45.331,2,-3.48,5.76,8.16,-0.09,-0.39,-0.44,0.07,0.33,0.67,39.64,-18.81,-25.59
2025-11-24 09:28:38.382,2,-0.24,5.57,9.6,-0.2,0.07,0.09,0.09,0.28,0.82,23.19,-24.41,-22.22
2025-11-24 09:15:15.251,2,-1.61,5.36,6.46,0.12,-0.37,-0.35,0.32,0.09,0.04,10.89,3.26,-46.97
2025-11-24 09:30:11.626,4,2.49,7.63,5.69,0.45,0.16,0.43,0.27,0.32,0.81,12.11,-33.68,-16.37
2025-11-24 09:37:15.424,3,-6.62,6.97,2.5,-0.16,-0.72,-0.36,-0.27,0.5,0.79,23.79,-31.03,-5.29
2025-11-24 09:23:51.028,5,-1.34,3.69,8.77,0.3,0.3,0.17,0.24,-0.05,-0.08,0.62,-3.26,-35.27
2025-11-24 09:22:55.852,8,-2.13,5.28,7.91,0.12,-0.21,-0.14,0.24,-0.16,-0.71,-27.9,-26.27,-23.96
2025-11-24 09:29:48.750,0,-0.79,9.46,2.34,0.02,0.43,0.41,0.27,0.52,0.68,21.92,-34.14,0.43
2025-11-24 09:30:05.526,7,1.12,5.33,8.12,-0.42,-0.3,-0.35,0.18,0.24,0.81,18.66,-27.73,-23.44
2025-11-24 09:34:09.708,3,-6.0,6.23,5.56,-0.58,-0.65,-0.29,-0.13,0.43,0.81,28.43,-24.54,-10.8
2025-11-24 09:35:27.380,1,-5.84,7.17,3.0,0.45,-0.12,-0.3,-0.22,0.52,0.79,25.56,-29.49,-4.13
2025-11-24 09:35:31.447,0,-4.46,4.11,7.53,-0.36,-0.02,-0.03,-0.11,0.31,0.85,28.05,-20.04,-18.62
2025-11-24 09:33:08.809,6,-2.7,3.73,8.39,0.14,-0.26,-0.26,-0.04,0.24,0.87,22.67,-21.96,-21.98
2025-11-24 09:37:34.838,3,-5.87,4.92,6.09,0.55,-0.5,-0.22,-0.14,0.37,0.83,28.5,-23.12,-14.63
2025-11-24 09:23:24.980,4,-3.1,7.36,8.39,0.34,-0.56,-0.78,0.43,0.22,0.08,21.56,-8.68,-34.74
2025-11-24 09:34:47.166,7,-3.2,7.17,5.19,-0.06,-0.03,-0.07,-0.03,0.43,0.84,20.78,-28.43,-12.19
2025-11-24 09:35:26.751,5,-5.21,5.41,7.53,0.07,-0.03,0.02,-0.14,0.41,0.84,25.73,-26.78,-11.31
2025-11-24 09:29:47.242,7,2.19,4.73,9.29,0.5,1.07,-0.11,0.21,0.16,0.83,11.31,-26.1,-28.93
2025-11-24 09:30:06.946,8,4.11,6.78,7.12,0.2,0.23,-0.09,0.37,0.17,0.76,7.52,-30.79,-22.59
2025-11-24 09:23:00.288,3,-3.78,9.22,-2.66,0.53,-0.78,0.44,0.25,-0.67,-0.69,8.08,-37.01,15.28
2025-11-24 09:18:30.070,1,1.82,7.87,-5.36,0.31,0.34,-0.12,0.59,0.69,0.32,14.48,-20.38,18.99
2025-11-24 09:48:28.889,3,-4.85,3.85,7.12,-0.11,-0.27,-0.11,0.01,0.32,0.63,41.25,-14.44,-28.09
2025-11-24 09:30:00.161,7,0.42,6.2,9.05,-0.35,0.04,-0.01,0.19,0.24,0.8,17.61,-28.29,-24.66
2025-11-24 09:38:49.058,8,-5.31,3.4,7.17,-0.46,-0.36,-0.5,-0.15,0.28,0.83,28.73,-20.21,-18.68
2025-11-24 09:36:02.596,9,1.0,2.8,9.75,-0.02,0.06,0.04,0.07,0.12,0.9,12.43,-19.09,-26.81
2025-11-24 09:36:59.913,1,-6.8,6.98,4.87,-0.4,-0.18,-0.2,-0.24,0.51,0.8,23.42,-31.11,-4.78
2025-11-24 09:23:56.385,2,3.6,4.52,6.22,-0.24,-0.3,0.08,0.28,-0.18,0.16,-5.59,-5.18,-34.31
2025-11-24 09:23:23.228,2,-2.23,9.82,6.0,-0.78,-0.51,-0.37,0.42,0.31,0.34,21.66,-25.31,-28.8
2025-11-24 09:23:55.801,6,2.94,4.93,8.69,-0.24,-0.12,-0.01,0.29,-0.16,0.05,-10.54,-10.31,-32.44
2025-11-24 09:36:57.787,8,-4.63,5.6,6.91,-0.3,-0.16,-0.25,-0.13,0.37,0.85,24.32,-26.34,-15.77
2025-11-24 09:30:00.838,8,0.6,6.41,7.84,-0.2,-0.3,0.28,0.23,0.29,0.78,15.68,-31.76,-19.31
2025-11-24 09:15:06.842,2,-3.37,4.55,8.69,-0.47,-0.41,-0.36,0.04,0.26,0.65,26.85,-3.99,-33.66
2025-11-24 09:23:30.017,8,8.2,4.3,3.67,0.12,-0.07,-0.09,-0.03,-0.56,-0.41,-37.39,-8.38,1.07
2025-11-24 09:38:35.412,6,-4.94,2.39,9.46,-0.18,-0.25,-0.13,-0.17,0.22,0.86,25.29,-19.28,-22.05
2025-11-24 09:38:49.976,4,-6.07,5.2,8.4,-0.09,0.32,-0.28,-0.2,0.37,0.83,29.08,-24.26,-14.76
2025-11-24 09:34:47.624,7,-3.63,6.6,6.89,-0.2,-0.09,-0.08,-0.02,0.4,0.85,18.54,-29.44,-14.23
2025-11-24 09:48:18.977,9,-0.57,4.06,10.84,-0.19,-0.17,-0.06,0.12,0.17,0.65,30.54,-14.61,-37.88
2025-11-23 22:48:25.236,3,4.21,7.25,6.37,0.14,-0.32,0.0,0.23,0.38,0.9,-4.69,-20.4,-25.46
2025-11-24 09:15:16.585,0,-0.27,3.81,9.35,-0.09,0.22,-0.14,0.22,-0.02,-0.05,-17.68,0.23,-42.34
2025-11-24 09:38:37.351,3,-5.12,4.82,7.06,0.07,0.28,-0.07,-0.2,0.34,0.84,29.85,-21.99,-14.98
2025-11-24 09:38:12.901,1,-4.91,5.64,7.64,-0.24,-0.39,0.09,-0.09,0.35,0.85,24.58,-24.84,-16.09
2025-11-24 09:28:51.952,8,-4.48,2.42,8.18,-0.24,-0.23,0.02,-0.11,0.22,0.8,31.69,-14.29,-26.33
2025-11-24 09:28:56.641,9,-4.11,2.39,9.06,-0.01,-0.1,0.06,-0.1,0.23,0.8,30.62,-16.46,-25.16
2025-11-24 09:38:43.860,4,-6.42,3.53,7.1,0.32,0.3,0.15,-0.19,0.36,0.83,28.71,-22.74,-15.13
2025-11-24 09:48:33.618,6,-2.51,3.33,9.85,-0.06,-0.08,-0.44,0.05,0.22,0.61,37.88,-12.08,-34.26
2025-11-24 09:35:52.182,0,-3.0,3.54,9.59,0.13,0.27,-0.09,0.17,-0.17,-0.97,19.61,-22.69,-23.44
2025-11-24 10:10:18.220,7,-2.45,5.3,7.39,0.27,0.17,0.04,0.27,0.16,0.17,15.49,-9.62,-42.43
2025-11-24 09:47:32.884,5,-2.34,4.65,8.8,-0.19,0.15,-0.05,0.06,0.27,0.65,38.31,-15.13,-29.06
2025-11-23 22:48:46.307,1,0.57,6.33,8.3,-0.02,0.09,0.03,0.31,0.18,0.47,10.74,-18.75,-25.43
2025-11-24 09:22:38.278,6,-0.28,5.58,8.86,-0.12,0.02,-0.05,0.22,-0.11,-0.44,-3.84,-8.12,-37.13
2025-11-24 09:47:55.493,2,-3.84,4.41,9.21,0.04,-0.15,-0.33,0.06,0.32,0.64,44.79,-11.19,-26.68
2025-11-24 09:35:42.609,8,-3.45,5.65,6.52,-0.21,-0.04,-0.12,-0.07,0.36,0.86,24.34,-26.34,-16.82
2025-11-24 09:47:46.054,4,-3.02,6.39,5.72,-0.4,-0.47,-0.64,0.08,0.33,0.67,40.93,-18.04,-26.78
2025-11-24 09:30:02.325,5,-1.32,6.6,6.5,0.7,-0.04,0.04,0.19,0.39,0.78,17.91,-32.63,-13.88
2025-11-24 09:36:00.860,1,-4.49,6.12,7.03,0.49,-0.5,-0.07,-0.09,0.37,0.84,18.02,-27.43,-9.62
2025-11-24 09:37:29.793,1,-5.33,6.88,5.61,-0.52,-0.88,-0.51,-0.14,0.41,0.83,24.58,-24.47,-11.04
2025-11-24 09:38:43.655,5,-5.75,3.41,8.21,0.06,0.47,0.05,-0.17,0.32,0.84,29.27,-21.21,-18.24
2025-11-24 09:35:27.048,4,-5.21,6.77,6.58,-0.06,-0.12,-0.13,-0.16,0.46,0.82,25.48,-26.98,-9.51
2025-11-24 09:47:45.560,3,-3.35,5.0,8.62,0.41,0.03,0.01,0.07,0.32,0.66,39.3,-16.65,-27.32
2025-11-24 09:48:34.240,5,-3.53,5.32,9.19,0.05,0.47,-0.13,0.06,0.3,0.64,39.99,-16.18,-27.24
2025-11-24 09:24:01.342,8,-1.63,4.43,6.29,-0.37,0.13,-0.21,0.16,-0.22,-0.91,10.73,-26.55,-27.92
2025-11-24 09:38:31.115,7,-4.55,2.78,9.11,-0.51,0.19,-0.46,-0.11,0.27,0.85,23.81,-21.21,-21.53
2025-11-24 09:47:23.201,6,-0.88,3.8,9.01,0.16,0.39,-0.18,0.15,0.19,0.71,27.54,-19.28,-32.68
2025-11-23 22:52:58.402,3,-1.56,6.82,6.07,-0.29,0.57,-0.01,0.25,0.28,0.57,12.09,-20.03,-23.93
2025-11-23 22:48:56.479,7,-1.91,3.71,8.67,0.14,0.05,-0.02,0.11,0.19,0.49,15.32,-8.89,-28.65
2025-11-23 22:59:43.418,0,-4.3,4.2,6.86,-0.37,-0.37,-0.16,0.14,0.3,0.24,23.21,1.31,-27.36
2025-11-24 09:33:18.296,1,-5.04,6.98,7.07,0.74,-0.34,-0.49,-0.1,0.46,0.81,26.7,-28.14,-9.13
2025-11-24 09:33:54.333,5,-5.25,4.59,6.92,-0.33,-0.47,-0.12,-0.12,0.37,0.84,26.1,-24.81,-14.91
2025-11-24 09:47:41.766,0,-1.55,3.99,8.84,-0.3,0.21,-0.0,0.13,0.19,0.65,31.03,-15.58,-33.98
2025-11-24 09:23:53.894,5,-0.86,5.62,8.42,0.05,-0.29,0.15,0.28,0.06,-0.05,8.48,-5.64,-38.36
2025-11-24 09:47:50.095,6,-1.98,4.08,9.3,0.03,0.3,-0.26,0.08,0.24,0.64,35.74,-15.6,-32.29
2025-11-24 09:34:21.294,7,-3.06,6.04,9.06,-0.81,-1.46,0.23,-0.03,0.33,0.89,18.58,-27.71,-19.22
2025-11-23 22:56:14.524,4,1.69,7.05,7.24,0.28,-0.06,0.19,0.37,0.13,0.42,6.04,-17.93,-27.49
2025-11-24 09:31:52.787,0,-0.6,5.27,8.31,-0.24,-0.17,0.03,0.01,0.27,0.95,17.01,-30.34,-22.18
2025-11-24 09:35:17.358,9,-3.46,3.3,9.46,0.02,-0.15,0.08,-0.09,0.25,0.88,23.23,-23.12,-21.64
2025-11-24 09:34:22.902,1,-6.62,6.26,4.0,-0.13,-1.07,-0.26,-0.16,0.5,0.8,27.15,-28.16,-4.91
2025-11-24 09:28:37.557,6,-2.88,3.5,9.53,0.33,-0.44,0.27,0.05,0.23,0.79,27.68,-18.6,-26.38
2025-11-24 09:35:34.305,8,-5.36,5.4,8.59,-0.46,-0.0,-0.03,-0.14,0.37,0.84,27.09,-25.37,-14.91
2025-11-24 09:15:28.391,5,-2.41,3.88,9.02,-0.27,-0.37,0.04,0.19,0.1,-0.15,2.78,11.36,-44.85
2025-11-24 09:37:31.266,8,-4.07,2.91,7.55,-0.33,-0.23,-0.06,-0.15,0.23,0.85,28.37,-17.91,-20.31
2025-11-24 09:38:46.531,4,-6.66,4.31,6.0,0.21,-0.48,0.35,-0.18,0.38,0.83,29.93,-22.61,-12.83
2025-11-24 09:38:23.545,9,-2.95,2.45,10.7,0.0,-0.01,0.1,-0.08,0.2,0.86,24.83,-17.79,-23.64
2025-11-24 09:30:21.315,1,-2.3,4.07,7.97,-0.19,-0.22,-0.15,-0.07,0.29,0.83,30.24,-19.89,-22.24
2025-11-24 09:23:24.944,5,-3.85,7.9,7.54,-0.52,-0.76,-1.2,0.43,0.22,0.1,23.91,-9.73,-34.24
2025-11-24 09:29:58.048,2,-2.92,8.69,3.71,-0.53,0.17,-1.02,0.09,0.5,0.74,24.88,-30.77,-3.98
2025-11-24 09:24:03.274,5,-5.59,4.09,8.36,-0.67,1.22,-1.51,0.26,-0.2,-0.94,25.26,-24.71,-19.11
2025-11-24 10:10:21.429,8,-2.34,4.19,7.45,-0.27,-0.31,0.08,0.2,0.14,0.09,15.77,-1.2,-43.07
2025-11-24 09:15:40.281,9,-2.53,1.64,10.11,0.18,-0.29,-0.03,0.11,0.12,-0.27,-3.53,16.16,-43.74
2025-11-24 09:36:53.092,3,-5.54,6.88,4.41,0.2,-0.28,0.09,-0.21,0.49,0.81,26.46,-29.29,-6.02
2025-11-24 09:22:38.889,9,-2.48,3.93,8.93,-0.59,-1.26,-0.3,0.23,-0.04,-0.46,3.3,-5.16,-35.48
2025-11-24 09:34:27.402,9,-3.19,4.24,8.56,-0.04,-0.1,-0.04,-0.05,0.27,0.89,20.03,-23.7,-22.29
2025-11-24 09:28:51.612,5,-3.55,3.86,8.53,-0.47,0.58,-0.98,-0.07,0.27,0.8,31.63,-17.18,-25.28
2025-11-24 09:37:49.913,3,-4.77,4.86,6.46,0.48,-0.61,-0.09,-0.11,0.31,0.84,25.59,-22.88,-19.65
2025-11-24 09:33:23.749,3,-3.08,5.65,6.38,-0.32,-0.29,0.11,0.0,0.36,0.86,20.42,-28.37,-14.27
2025-11-24 09:37:54.703,5,-1.94,5.31,8.79,0.22,-0.18,-0.22,0.0,0.31,0.87,20.7,-24.17,-19.54
2025-11-24 09:47:30.238,5,-1.64,5.25,8.3,-0.33,0.11,-0.03,0.12,0.27,0.66,34.58,-19.54,-30.23
2025-11-24 09:47:24.828,5,-0.86,5.77,9.0,-0.47,-0.26,-0.21,0.16,0.21,0.69,30.36,-19.13,-35.06
2025-11-24 09:27:59.804,5,-4.31,1.82,7.32,-0.35,-0.62,-0.63,-0.07,0.21,0.61,37.56,0.41,-24.41
2025-11-24 09:48:03.877,2,-4.24,5.41,5.99,-0.09,-0.86,-0.21,0.04,0.34,0.66,43.59,-14.19,-25.33
2025-11-24 09:38:08.587,5,-4.52,3.86,7.74,0.13,0.41,-0.41,-0.09,0.34,0.84,25.93,-25.18,-17.42
2025-11-23 22:48:54.339,7,-2.71,3.93,8.71,0.17,0.01,-0.02,0.12,0.22,0.47,16.84,-10.29,-29.34
2025-11-24 09:35:43.681,5,-4.61,6.64,7.46,0.21,0.33,-0.2,-0.11,0.43,0.84,24.34,-30.0,-11.31
2025-11-24 09:18:28.102,5,0.03,7.6,-7.39,-0.18,-0.47,-0.07,0.5,0.75,0.38,11.79,-22.11,21.53
2025-11-24 09:37:23.140,3,-5.82,4.52,6.19,0.11,-0.62,-0.45,-0.15,0.35,0.84,22.86,-25.39,-13.43
2025-11-24 09:23:39.953,6,-6.38,3.42,4.43,0.38,-0.28,-0.45,-0.34,0.23,0.91,32.91,-20.19,-17.29
2025-11-24 09:37:11.280,8,-5.42,5.16,6.34,-0.13,-0.29,-0.07,-0.2,0.36,0.85,26.48,-25.52,-15.36
2025-11-24 09:50:13.506,1,-2.78,8.64,6.89,-0.71,0.13,-0.35,-0.02,0.5,0.81,18.08,-34.8,-14.23
2025-11-23 22:53:13.433,9,0.28,6.24,7.69,-0.11,-0.04,0.01,0.29,0.15,0.46,8.76,-14.1,-29.21
2025-11-24 09:23:18.468,7,6.17,0.03,8.08,-0.25,0.27,-0.0,0.3,-0.14,0.84,-9.75,-8.42,-36.81
2025-11-24 09:37:57.894,8,-1.67,4.8,8.58,0.38,-0.78,0.5,0.02,0.24,0.86,20.79,-22.09,-24.15
2025-11-24 09:35:42.269,8,-3.12,4.34,9.38,0.0,0.08,-0.08,-0.04,0.31,0.87,20.55,-27.24,-18.47
2025-11-24 09:23:36.474,1,-3.65,5.36,7.42,0.29,1.02,-0.07,0.38,-0.21,-0.88,27.13,-26.7,-21.06
2025-11-24 09:30:13.421,0,0.1,3.8,7.99,0.02,-0.04,0.17,0.15,0.19,0.84,16.03,-24.68,-27.15
2025-11-24 09:28:38.809,2,-3.94,5.16,6.36,-0.49,0.07,-0.6,-0.01,0.34,0.78,30.45,-23.81,-18.11
2025-11-23 22:46:46.053,2,4.0,7.38,6.18,-0.06,0.01,-0.01,0.46,0.08,0.52,-3.28,-22.8,-25.31
2025-11-24 09:30:17.512,4,0.77,4.17,11.29,0.38,0.22,-0.03,0.09,0.19,0.85,19.78,-21.73,-28.78
2025-11-24 09:21:53.395,6,0.65,8.91,-3.41,-0.09,0.07,-0.23,0.59,0.58,0.4,13.89,-34.52,16.95
2025-11-24 09:15:18.462,7,0.25,4.47,9.23,0.15,0.18,0.32,0.21,0.01,-0.02,1.67,10.44,-46.59
2025-11-24 09:29:01.329,7,-3.26,2.29,9.45,0.12,0.11,-0.08,-0.08,0.22,0.79,29.19,-14.04,-24.71
2025-11-24 09:31:54.407,7,-0.59,6.34,6.54,0.22,0.18,0.03,0.09,0.36,0.85,21.58,-31.33,-16.78
2025-11-24 09:33:27.699,5,-2.92,5.48,6.87,-0.42,-0.32,-0.06,-0.02,0.32,0.88,18.47,-27.08,-18.21
2025-11-24 09:29:52.840,3,-2.36,8.13,4.3,-0.37,-0.04,-0.39,0.15,0.52,0.72,23.94,-33.56,-4.58
2025-11-24 09:30:28.241,5,-4.79,3.55,7.7,-0.54,-0.11,-0.27,-0.08,0.3,0.8,31.99,-21.39,-19.22
2025-11-23 22:53:04.451,0,-0.3,6.15,7.4,-0.26,0.11,0.0,0.3,0.18,0.46,10.01,-16.22,-29.94
2025-11-24 09:36:09.925,6,-3.87,3.57,10.23,0.56,-0.06,0.66,-0.1,0.25,0.88,22.73,-21.62,-21.13
2025-11-24 09:36:55.764,5,-4.49,7.05,7.32,-0.57,-0.21,-0.37,-0.14,0.43,0.83,23.7,-29.83,-12.6
2025-11-23 22:48:22.161,4,1.62,6.15,7.77,0.26,0.03,0.21,0.05,-0.36,-0.88,2.16,-21.39,-27.71
2025-11-24 09:28:17.895,3,-2.51,4.41,7.0,-1.06,1.73,-0.65,0.07,0.28,0.89,16.97,-28.58,-21.45
2025-11-24 09:48:16.927,4,-2.01,6.63,8.12,-0.41,0.13,-0.36,0.16,0.3,0.7,31.67,-23.08,-28.16
2025-11-24 09:38:25.322,0,-3.99,2.87,8.38,-0.35,0.0,0.01,-0.11,0.23,0.85,25.56,-19.22,-23.81
2025-11-24 09:33:44.532,8,-2.95,3.85,7.88,-0.31,0.2,0.03,-0.06,0.24,0.88,19.89,-24.39,-23.96
2025-11-23 22:44:23.798,5,0.92,6.87,7.97,-0.4,0.02,0.07,0.29,0.25,0.74,3.88,-22.46,-29.34
2025-11-24 09:21:44.971,8,-0.97,6.1,7.68,-0.27,0.49,0.57,0.31,-0.07,-0.44,-2.03,-12.19,-37.91
2025-11-24 09:37:44.817,1,-7.28,5.18,6.21,-0.0,-0.33,-0.11,-0.14,0.35,0.83,30.04,-21.49,-15.83
2025-11-24 09:29:54.985,6,-0.9,6.57,5.61,0.49,0.16,0.05,0.22,0.34,0.77,18.04,-32.96,-18.75
2025-11-24 09:34:13.891,0,-2.47,3.73,9.08,0.49,0.08,0.28,-0.01,0.27,0.88,18.62,-23.72,-22.56
2025-11-24 09:29:01.958,5,-4.56,4.11,8.48,-0.13,0.02,-0.14,-0.06,0.3,0.78,32.34,-20.19,-21.54
2025-11-24 09:34:23.872,0,-3.58,3.89,9.46,0.19,0.12,0.16,-0.08,0.26,0.88,21.49,-23.51,-20.7
2025-11-24 09:23:31.250,3,7.29,5.13,4.12,0.27,-0.36,-0.08,0.05,-0.53,-0.38,-35.98,-8.46,-7.59
2025-11-24 09:30:21.801,8,-3.96,2.59,7.82,-0.17,-0.35,-0.06,-0.11,0.21,0.82,31.52,-14.66,-27.36
2025-11-24 09:37:44.256,4,-5.17,5.62,7.7,-0.29,-0.47,-0.19,-0.09,0.35,0.84,24.49,-25.97,-14.46
2025-11-24 09:36:11.026,0,-3.68,3.15,6.51,0.77,-0.26,0.22,-0.07,0.25,0.9,21.43,-22.89,-22.84
2025-11-24 09:21:56.310,5,-2.73,6.7,5.85,-1.69,0.06,-0.38,0.28,0.34,0.59,23.64,-28.56,-18.26
2025-11-24 09:33:30.767,0,-0.71,4.73,8.45,0.13,-0.13,-0.01,0.07,0.25,0.88,14.91,-26.66,-23.48
2025-11-23 22:48:27.614,1,2.33,7.02,7.1,-0.02,0.0,0.09,0.37,0.18,0.57,2.74,-22.71,-27.19
2025-11-24 09:38:39.775,6,-4.55,3.12,9.05,-0.02,-0.27,0.03,-0.15,0.26,0.85,27.21,-19.44,-19.78
2025-11-24 09:30:10.911,9,1.49,6.44,7.11,-0.19,0.14,0.03,0.26,0.26,0.79,13.44,-30.38,-21.86
2025-11-24 09:24:00.592,6,-4.12,5.15,7.99,0.2,-0.22,-0.07,0.23,-0.24,-0.87,14.08,-30.24,-24.13
2025-11-24 09:23:41.137,8,-3.78,2.67,8.95,0.51,0.63,-0.42,-0.14,0.26,0.84,33.54,-9.64,-20.96
2025-11-24 09:37:46.961,8,-1.94,4.02,8.26,0.09,-0.12,0.02,0.01,0.24,0.86,18.15,-24.79,-21.96
2025-11-23 22:48:58.871,1,-1.5,5.13,8.48,-0.16,-0.21,-0.11,0.19,0.21,0.49,13.84,-15.49,-28.11
2025-11-24 09:48:28.174,7,-3.54,4.54,10.19,0.05,0.47,-0.12,0.08,0.28,0.64,38.49,-15.41,-30.3
2025-11-24 09:37:54.440,7,-2.7,5.33,9.06,0.08,-0.74,-0.14,-0.01,0.3,0.87,20.4,-25.37,-20.68
2025-11-24 09:30:14.127,6,-0.82,5.36,10.65,-0.33,0.03,-0.02,0.12,0.27,0.84,17.03,-30.36,-23.23
2025-11-24 09:30:00.616,9,0.38,6.18,7.65,-0.13,-0.17,0.17,0.2,0.27,0.78,19.09,-28.11,-23.36
2025-11-24 09:47:36.551,5,-1.91,5.22,8.69,-0.23,-0.05,-0.12,0.14,0.24,0.66,34.41,-17.66,-31.67
2025-11-24 09:35:34.970,4,-6.47,5.73,6.24,-0.28,-0.18,-0.28,-0.18,0.46,0.81,27.36,-28.46,-7.2
2025-11-23 22:45:08.615,0,0.83,6.81,6.76,0.06,-0.03,0.0,0.31,0.22,0.62,7.35,-19.56,-28.18
2025-11-24 09:23:22.528,9,-1.77,6.71,6.56,0.37,0.53,-0.03,0.3,0.18,0.25,17.23,-13.24,-37.09
2025-11-24 09:28:39.549,7,-1.71,3.64,10.47,-0.12,-0.38,0.04,0.01,0.23,0.81,26.63,-20.76,-26.27
2025-11-24 09:47:35.793,1,-2.59,6.73,8.83,-0.46,-0.51,-0.29,0.1,0.32,0.67,37.33,-17.76,-28.52
2025-11-24 09:15:20.269,3,-1.1,6.5,7.07,0.04,-0.18,-0.52,0.34,0.09,0.09,9.58,-1.07,-47.72
2025-11-24 09:29:53.979,7,0.23,6.77,8.01,0.21,0.5,0.03,0.19,0.28,0.78,19.91,-28.41,-24.09
2025-11-24 09:21:55.743,3,-3.26,8.61,3.67,0.08,0.1,-0.17,0.34,0.47,0.55,26.33,-31.2,-5.72
2025-11-24 10:10:23.444,4,-3.53,6.58,6.51,-0.18,-0.11,-0.18,0.27,0.28,0.2,28.48,-7.39,-38.89
2025-11-23 22:48:24.722,2,4.14,6.7,7.0,0.13,-0.37,-0.08,-0.11,-0.39,-0.9,-2.55,-21.68,-27.21
2025-11-24 09:38:15.717,3,-2.34,5.26,11.11,0.59,0.06,0.09,-0.06,0.31,0.87,20.94,-27.17,-20.04
2025-11-24 09:35:37.334,3,-6.26,5.57,5.58,-0.0,-0.07,0.04,-0.22,0.44,0.8,30.51,-24.84,-9.04
2025-11-23 22:59:38.271,9,-0.42,8.34,4.92,-0.01,-0.16,0.08,0.44,0.23,0.39,14.63,-20.72,-23.89
2025-11-24 09:47:35.267,3,-1.67,4.05,9.1,0.36,0.15,0.43,0.11,0.24,0.63,36.84,-14.38,-33.19
2025-11-24 09:38:02.224,8,-3.38,4.33,8.44,-0.18,0.18,-0.18,-0.07,0.28,0.85,22.54,-24.54,-19.2
2025-11-24 09:28:47.911,5,-4.9,3.4,9.52,-0.27,0.43,-0.38,-0.1,0.27,0.81,31.18,-18.54,-21.56
2025-11-24 09:35:55.354,5,-4.05,5.96,6.29,0.26,-0.54,-0.11,-0.09,0.39,0.87,23.83,-27.41,-13.67
2025-11-24 09:22:40.554,1,2.0,6.54,3.88,-1.07,0.23,0.27,0.31,-0.3,-0.59,-9.06,-22.11,-30.99
2025-11-24 09:47:36.329,7,-2.05,5.78,7.68,-0.14,0.01,0.07,0.13,0.27,0.66,34.18,-18.68,-31.01
2025-11-24 09:37:15.704,6,-6.6,5.95,7.55,-0.22,-0.43,-0.35,-0.23,0.43,0.83,26.87,-29.23,-8.79
2025-11-24 09:48:34.435,7,-3.17,5.17,8.25,-0.06,-0.27,-0.01,0.07,0.3,0.63,41.08,-14.96,-28.59
2025-11-24 09:23:07.656,0,-0.13,-5.02,9.06,-0.54,0.02,0.44,0.01,0.29,-0.96,-5.12,1.44,-31.24
2025-11-24 09:47:52.655,2,-3.11,5.62,7.31,-0.4,-0.56,-0.28,0.05,0.34,0.66,40.31,-17.53,-25.73
2025-11-24 09:28:49.996,9,-3.46,1.58,9.24,0.22,-0.09,0.06,-0.1,0.2,0.8,31.93,-13.58,-24.19
2025-11-23 22:48:25.797,8,2.25,7.11,6.47,-0.06,0.38,-0.09,0.36,0.23,0.7,0.06,-22.99,-24.43
2025-11-24 09:48:08.445,7,-1.27,5.87,7.3,-0.32,-0.29,-0.18,0.17,0.23,0.67,31.29,-20.48,-31.09
2025-11-24 09:37:27.327,9,-4.85,2.13,9.25,-0.06,-0.03,-0.04,-0.15,0.23,0.84,27.06,-18.38,-21.17
2025-11-24 09:36:52.387,5,-5.57,5.04,5.86,0.07,-0.02,-0.08,-0.18,0.39,0.85,27.09,-25.52,-13.95
2025-11-24 09:37:27.077,0,-4.1,3.41,8.05,-0.35,0.29,0.04,-0.13,0.25,0.84,27.21,-18.64,-20.14
2025-11-24 09:28:40.714,2,-3.45,5.75,6.39,-0.35,0.47,-0.21,0.03,0.34,0.79,28.16,-26.27,-16.78
2025-11-24 09:34:40.801,3,-5.26,6.5,6.39,-0.18,-0.45,-0.06,-0.13,0.45,0.82,25.31,-27.51,-9.11
2025-11-24 09:48:29.594,8,-2.9,3.96,9.08,-0.26,-0.22,-0.37,0.08,0.22,0.61,37.39,-12.19,-34.07
2025-11-24 09:28:01.114,0,-3.89,1.25,10.32,-0.08,0.01,-0.12,-0.05,0.13,0.63,32.49,0.36,-26.94
2025-11-24 09:38:29.158,0,-4.08,3.01,8.86,0.19,-0.53,-0.25,-0.13,0.23,0.83,29.96,-14.98,-23.18
2025-11-24 09:38:43.434,8,-4.48,3.57,8.47,-0.06,0.46,0.27,-0.15,0.29,0.84,27.69,-21.08,-17.53
2025-11-24 09:29:53.120,2,-4.58,7.65,2.12,0.11,-0.56,-0.36,0.09,0.53,0.73,26.68,-32.44,-3.62
2025-11-24 09:28:43.905,7,-3.68,1.14,8.53,0.09,0.1,-0.09,-0.11,0.16,0.8,28.09,-14.01,-27.47
2025-11-24 09:47:42.522,2,-3.1,6.57,7.82,-0.35,-0.54,-0.43,0.1,0.35,0.67,37.76,-20.83,-23.18
2025-11-24 09:36:52.693,6,-5.41,4.93,7.14,0.17,0.16,0.05,-0.17,0.39,0.84,29.21,-25.33,-12.62
2025-11-24 09:37:31.725,7,-4.53,5.46,7.61,-0.12,0.06,-0.05,-0.11,0.35,0.83,27.53,-24.15,-14.34
2025-11-24 09:16:00.360,3,-2.26,9.13,2.42,0.44,-0.64,-0.41,0.54,0.03,-0.06,8.33,-17.21,-42.9
2025-11-24 09:29:58.731,0,-3.59,2.94,8.15,0.89,-1.67,0.28,-0.06,0.25,0.8,28.97,-19.58,-25.59
2025-11-24 09:47:38.553,0,0.12,3.61,9.36,0.32,-0.59,-0.05,0.07,0.11,0.7,28.26,-10.35,-42.09
2025-11-24 09:15:28.608,7,-1.72,3.55,7.94,-0.34,-0.5,-0.12,0.18,0.09,-0.16,1.8,12.73,-46.41
2025-11-24 09:38:51.822,9,-3.65,2.2,9.6,-0.17,-0.12,0.07,-0.1,0.2,0.84,25.65,-17.29,-25.05
2025-11-24 09:35:13.403,7,-5.09,5.27,6.46,0.34,-0.25,-0.39,-0.11,0.39,0.86,21.79,-30.6,-13.28
2025-11-24 09:37:55.197,3,-1.81,5.91,8.59,-0.06,-0.88,-0.15,0.03,0.29,0.87,19.48,-26.85,-19.65
2025-11-24 09:48:33.414,9,-1.44,2.46,10.73,-0.42,-0.16,0.05,0.07,0.17,0.6,34.29,-11.14,-35.1
2025-11-24 09:23:54.619,7,4.11,3.25,9.27,-0.19,-0.5,0.24,0.16,-0.2,-0.06,-11.57,3.09,-33.28
2025-11-24 09:34:45.225,4,-4.07,7.41,5.66,-0.34,-0.27,-0.16,-0.07,0.47,0.83,20.29,-31.09,-9.96
2025-11-24 09:35:18.773,0,-4.77,4.05,8.33,0.31,-1.11,0.29,-0.14,0.3,0.86,25.01,-24.77,-19.16
2025-11-24 09:30:27.790,2,-3.92,4.79,9.04,0.2,0.34,-0.65,-0.03,0.3,0.82,29.01,-23.36,-19.73
2025-11-24 09:34:25.046,9,-3.75,3.81,9.0,-0.22,0.05,0.01,-0.11,0.28,0.88,23.96,-22.14,-21.39
2025-11-24 09:22:43.454,1,1.49,9.58,4.43,-0.07,0.14,-0.35,0.54,-0.15,-0.2,-6.23,-30.56,-24.9
2025-11-24 09:23:44.927,5,-8.39,2.09,4.47,0.71,-0.32,-0.32,0.17,0.47,0.03,39.28,2.78,-20.29
2025-11-24 09:28:31.560,7,-4.98,1.83,8.6,-0.37,-0.61,0.02,-0.19,0.18,0.85,31.97,-12.28,-24.36
2025-11-24 09:34:50.458,6,-3.65,6.05,8.44,-0.13,-0.24,0.03,-0.07,0.39,0.86,21.9,-28.16,-13.73
2025-11-24 09:34:49.334,5,-3.92,6.71,4.77,0.01,-0.16,-0.04,-0.09,0.43,0.84,20.57,-29.59,-11.33
2025-11-24 09:23:41.829,1,-8.07,2.86,4.28,1.52,0.14,-0.4,-0.09,0.45,0.54,36.38,-8.91,-13.65
2025-11-24 09:30:09.744,9,1.38,5.11,8.14,0.23,-0.64,0.11,0.21,0.21,0.82,13.71,-28.58,-25.74
2025-11-24 09:34:51.384,6,-3.72,5.51,7.72,0.06,-0.2,0.03,-0.07,0.38,0.86,22.41,-26.96,-17.38
2025-11-24 09:30:17.444,8,-0.75,4.0,9.52,-0.27,-0.58,0.23,0.07,0.2,0.84,19.24,-23.94,-28.22
2025-11-24 10:10:30.217,9,-2.87,1.27,8.66,0.09,0.11,-0.19,0.07,0.16,0.01,14.46,7.63,-43.22
2025-11-24 09:36:11.290,9,-3.28,4.13,7.15,-0.11,0.09,-0.22,-0.07,0.27,0.9,20.23,-25.09,-21.86
2025-11-24 09:34:58.915,8,-3.64,6.26,8.14,-0.51,-0.03,-0.03,-0.06,0.37,0.86,20.83,-28.44,-15.79
2025-11-24 09:35:20.463,6,-4.51,5.37,8.0,0.05,0.2,-0.11,-0.07,0.36,0.85,24.06,-26.4,-15.08
2025-11-23 22:48:54.531,8,-3.04,3.99,7.99,-0.05,0.41,0.04,0.11,0.25,0.47,19.16,-9.09,-27.15
2025-11-23 22:53:01.242,6,-0.08,6.57,7.28,0.09,-0.05,0.04,0.3,0.2,0.52,10.52,-18.15,-24.88
2025-11-24 09:31:54.796,8,-1.37,5.64,6.98,-0.6,0.02,-0.08,0.1,0.28,0.86,20.98,-27.19,-22.59
2025-11-24 09:47:27.736,3,-2.45,4.49,8.15,0.15,-0.31,-0.24,0.09,0.24,0.65,36.21,-14.51,-31.82
2025-11-24 09:30:04.554,2,-1.46,7.89,6.45,-0.91,0.31,-0.18,0.18,0.41,0.79,19.41,-31.78,-11.7
2025-11-24 09:38:36.305,7,-5.86,4.55,6.78,-0.65,-0.1,-0.62,-0.15,0.32,0.84,27.71,-21.88,-18.38
2025-11-24 09:34:17.874,8,0.99,4.4,10.8,0.3,-1.63,0.44,0.11,0.19,0.92,7.95,-24.75,-24.36
2025-11-24 09:34:15.831,0,-3.04,3.55,9.7,-0.27,0.11,0.15,-0.05,0.23,0.89,19.39,-25.29,-23.1
2025-11-24 09:21:57.168,9,-4.62,3.91,6.57,-0.06,0.36,-0.23,-0.02,0.33,0.74,29.57,-17.72,-20.61
2025-11-24 09:29:07.203,4,-4.31,3.54,8.38,0.13,0.15,0.12,-0.06,0.27,0.79,30.54,-18.39,-23.63
2025-11-24 09:21:59.049,7,-2.71,8.99,4.59,1.03,-0.46,0.73,0.04,0.57,0.75,21.09,-33.02,-3.13
2025-11-24 09:22:59.010,3,-3.44,8.18,4.84,1.08,-0.9,-0.55,0.4,-0.39,-0.73,-6.39,-36.39,-8.55
2025-11-24 09:28:32.479,9,-1.98,1.5,9.24,0.67,-0.46,0.22,-0.04,0.16,0.84,27.73,-13.29,-28.82
2025-11-24 09:23:47.255,8,-5.16,2.35,9.21,0.16,-0.23,-0.2,0.2,0.21,-0.17,18.79,4.33,-34.78
2025-11-23 22:53:03.943,9,-0.15,6.04,8.14,-0.05,-0.0,0.02,0.29,0.18,0.47,9.99,-16.22,-28.13
2025-11-24 09:30:11.115,4,2.4,7.28,7.99,-0.03,0.01,0.09,0.26,0.27,0.79,13.35,-31.5,-20.08
2025-11-24 09:23:28.259,1,8.5,5.33,7.18,1.62,-0.39,-0.29,0.05,-0.5,-0.41,-34.39,-11.27,-5.61
2025-11-24 09:15:40.064,5,-3.49,3.25,8.7,-0.19,-0.56,-0.4,0.2,0.13,-0.24,2.36,9.98,-45.81
2025-11-24 09:35:36.398,2,-6.8,6.17,2.18,0.17,-0.24,-0.27,-0.25,0.48,0.78,30.47,-24.84,-6.94
2025-11-24 09:21:48.986,4,-2.38,5.0,7.37,1.2,0.89,-0.2,0.31,0.08,-0.15,7.93,-10.67,-36.58
2025-11-24 09:28:48.303,1,-3.36,4.29,9.36,0.43,0.28,0.06,-0.09,0.29,0.83,31.95,-19.33,-22.05
2025-11-24 09:23:01.691,7,-2.42,-0.2,9.48,-1.66,1.31,0.35,0.13,0.13,-0.95,0.49,-5.16,-35.1
2025-11-24 09:21:45.714,1,-0.7,8.06,8.55,-0.38,0.9,0.11,0.39,-0.05,-0.27,4.88,-17.01,-36.11
2025-11-24 09:30:29.635,6,-3.15,3.97,7.59,0.05,-0.19,0.02,-0.03,0.28,0.82,28.95,-23.06,-19.82
2025-11-24 09:33:01.510,2,-2.24,4.82,8.4,0.17,-0.12,0.14,0.02,0.29,0.88,11.27,-30.83,-17.38
2025-11-24 09:34:01.981,4,-5.4,6.13,6.08,-0.9,-0.24,-0.18,-0.13,0.45,0.82,26.78,-27.15,-8.78
2025-11-24 09:24:03.991,9,-3.7,1.18,10.76,0.53,-0.89,-0.89,-0.16,0.21,0.89,33.99,-8.42,-21.6
2025-11-24 09:30:00.906,4,1.55,7.61,7.22,0.79,0.59,-0.15,0.23,0.28,0.78,10.78,-33.21,-17.96
2025-11-24 09:23:54.477,0,2.78,4.79,9.91,-0.48,-1.3,0.8,0.2,-0.13,-0.1,-8.18,-0.32,-35.16
2025-11-24 09:23:29.801,9,8.1,3.82,4.05,0.69,-0.38,-0.01,-0.05,-0.54,-0.43,-36.39,-6.26,-2.7
2025-11-24 09:47:54.111,0,-2.04,3.93,8.58,-0.42,-0.16,-0.19,0.11,0.19,0.62,35.34,-12.04,-36.68
2025-11-24 09:38:00.829,5,-2.91,4.26,7.84,-0.05,-0.36,-0.22,-0.08,0.27,0.86,24.15,-23.08,-23.36
2025-11-24 09:23:57.966,4,-3.75,4.32,8.32,1.14,-0.1,-0.36,0.31,0.08,-0.4,11.03,-12.24,-34.5
2025-11-24 09:28:40.414,1,-2.55,6.25,5.74,0.14,0.76,-0.03,0.07,0.31,0.8,25.16,-25.56,-21.49
2025-11-24 09:33:46.090,6,-4.04,4.8,6.4,-0.13,-0.14,-0.41,-0.11,0.3,0.88,22.74,-25.63,-20.66
